User Name,Tweets Ago,Compound,Negative,Neutral,Positive,Tweet,Date
@BBC,2,0.0,0.0,1.0,0.0,üç£üé£ How did we become hooked on sushi? https://t.co/M6UXeJq9DI,Wed Aug 01 08:01:06 +0000 2018
@BBC,3,-0.5423,0.137,0.863,0.0,A French student has spoken out after she was harassed by a man in a Paris street and then hit in the face when she‚Ä¶ https://t.co/65bcKXM3P1,Wed Aug 01 07:27:04 +0000 2018
@BBC,4,0.7964,0.066,0.657,0.277,"""Y'alright love?"" üòÇ This crow has a Yorkshire accent and it's the best thing you'll hear today. 

#YorkshireDay

https://t.co/3J8BQGiZM7",Wed Aug 01 07:02:06 +0000 2018
@BBC,5,0.0,0.0,1.0,0.0,"The story of a young girl's choice between Oxford and the university of life...

#AnEducation | 10pm | @BBCFour |‚Ä¶ https://t.co/TCSjXsn02B",Tue Jul 31 20:02:08 +0000 2018
@BBC,6,0.5859,0.0,0.808,0.192,"Drama series telling the story of a dysfunctional family, set within a family-run beauty salon.

Age Before Beauty‚Ä¶ https://t.co/axP5dYrHMA",Tue Jul 31 19:01:03 +0000 2018
@BBC,7,0.0,0.0,1.0,0.0,How Australia's first gay imam is 'saving lives'. https://t.co/u2QmgRGHCM,Tue Jul 31 18:02:06 +0000 2018
@BBC,8,0.0,0.0,1.0,0.0,"RT @bbcwritersroom: Writer Debbie Horsfield's new @BBCOne drama #AgeBeforeBeauty begins tonight (Tue 31 July) at 9pm. 

We caught up with D‚Ä¶",Tue Jul 31 16:33:01 +0000 2018
@BBC,9,0.0,0.0,1.0,0.0,"The Old Bridge in Mostar is one of Bosnia-Herzegovina's most famous landmarks. 

But does it connect or divide the‚Ä¶ https://t.co/lycdJ43HRh",Tue Jul 31 16:01:02 +0000 2018
@BBC,10,0.765,0.0,0.734,0.266,"RT @bbcmusic: ""Hopefully my little messages for train passengers will be a nice surprise and a reminder of the power of music as they go ab‚Ä¶",Tue Jul 31 15:19:43 +0000 2018
@BBC,11,0.636,0.0,0.811,0.189,"Congratulations John! üéì A 95-year-old man has graduated from Oxford University, 76 years after he completed his deg‚Ä¶ https://t.co/Mjv2UU11be",Tue Jul 31 14:02:05 +0000 2018
@BBC,12,0.0,0.0,1.0,0.0,"Have you ever spotted hidden messages in the Harry Potter films?
#HappyBirthdayHarryPotter https://t.co/LQa8z7fVRz",Tue Jul 31 13:00:23 +0000 2018
@BBC,13,0.7717,0.0,0.758,0.242,"RT @BBCEarth: In formation üôå

Let's celebrate all the men and women protecting our planet's wildlife üòç
#WorldRangerDay https://t.co/LFQw4w8‚Ä¶",Tue Jul 31 11:41:04 +0000 2018
@BBC,14,0.6236,0.0,0.797,0.203,"Tunnelling work is almost set to begin on London's new super sewer.
But before it can start, some very important th‚Ä¶ https://t.co/MNGD6aJkbt",Tue Jul 31 11:38:00 +0000 2018
@BBC,15,-0.1779,0.086,0.914,0.0,"An Australian family has been startled awake after a kangaroo crashed its way through a window in their home.
üëâ‚Ä¶ https://t.co/5YbVtCndEt",Tue Jul 31 11:07:35 +0000 2018
@BBC,16,0.0,0.0,1.0,0.0,"Watch Leading Lady Parts on @BBCiPlayer üëâ https://t.co/cUPHKLfMfy

#LeadingLadyParts",Tue Jul 31 09:50:02 +0000 2018
@BBC,17,0.1877,0.0,0.902,0.098,"Still without a home and unsure where to turn to next, the future is 'scary' for Kelly. https://t.co/PhwokveWSY",Tue Jul 31 08:02:04 +0000 2018
@BBC,18,0.3612,0.096,0.699,0.205,"Legal permission will no longer be required to end care for patients in a long-term permanent vegetative state, the‚Ä¶ https://t.co/GU2A0uc0mO",Tue Jul 31 07:28:06 +0000 2018
@BBC,19,0.4215,0.0,0.808,0.192,"'I've found random stuff like false teeth.' 

üåäüöØüëèThe diving group picking up litter in the North Sea. https://t.co/kI2MCEpguT",Tue Jul 31 07:00:08 +0000 2018
@BBC,20,-0.7181,0.461,0.539,0.0,"For anyone who doesn't care about Love Island... 

https://t.co/e7axx5lyFk",Mon Jul 30 20:03:04 +0000 2018
@BBC,21,0.0,0.0,1.0,0.0,What makes you resilient? https://t.co/cZS96s7bv0,Mon Jul 30 18:01:04 +0000 2018
@BBC,22,-0.4023,0.114,0.886,0.0,"‚òîÔ∏è It turns out it's not just gratitude that makes rain smell so appealing after a long period of dry weather.

The‚Ä¶ https://t.co/OwSHy0HKnT",Mon Jul 30 17:03:05 +0000 2018
@BBC,23,0.0,0.0,1.0,0.0,"üê∂ Advertising toilet paper using puppies! How it all began... 
#InsideTheFactory https://t.co/gqYOv8YIq1",Mon Jul 30 16:03:04 +0000 2018
@BBC,24,0.0,0.0,1.0,0.0,"üì∏ Photographs from around the world of Friday's #BloodMoon - the longest lunar eclipse of the 21st Century.
üëâ‚Ä¶ https://t.co/o8HGifFeRl",Mon Jul 30 14:03:08 +0000 2018
@BBC,25,-0.8074,0.3,0.7,0.0,"A polar bear has been shot dead after it attacked a cruise ship guard on Norway's Svalbard archipelago, within the‚Ä¶ https://t.co/F3b9a4OlvV",Mon Jul 30 13:04:01 +0000 2018
@BBC,26,0.2572,0.0,0.775,0.225,üê™üöÅ When a sheepdog doesn't quite cut it... https://t.co/l5vk7oKBop,Mon Jul 30 12:01:06 +0000 2018
@BBC,27,0.0,0.0,1.0,0.0,"RT @BBCRadio4: BLOOPERS! 
@ProfBrianCox can't tell his hominins from his hominids. Or possibly the other way around.
Much more Monkey Cage‚Ä¶",Mon Jul 30 11:56:23 +0000 2018
@BBC,28,0.0,0.0,1.0,0.0,"Why Americans will be able to 3D print their own guns from August.

https://t.co/8NR7qFaEZY",Mon Jul 30 11:03:01 +0000 2018
@BBC,29,0.4767,0.0,0.871,0.129,‚ù§Ô∏è The reaction when this little girl showed her school friends her new sports blade gives us all the feels.‚Ä¶ https://t.co/zp4vrauXes,Mon Jul 30 09:00:15 +0000 2018
@BBC,30,0.5562,0.0,0.796,0.204,"Now this is an impressive line-up!

Gemma Arterton, Catherine Tate, @Gemma_Chan1, @emiliaclarke, @IAMLenaHeadey and‚Ä¶ https://t.co/D5rDJJ7dyC",Mon Jul 30 08:13:57 +0000 2018
@BBC,31,0.0,0.0,1.0,0.0,"üêà Our cats may purr when we pet them, but it‚Äôs a much more complicated form of communication than we've assumed.
üëâ‚Ä¶ https://t.co/vz6MdvigWx",Mon Jul 30 07:27:06 +0000 2018
@BBC,32,0.1759,0.206,0.546,0.248,"The pika might just be the world's cutest thief!
#AnimalsBehavingBadly https://t.co/v8dSKoVYgD",Mon Jul 30 07:01:05 +0000 2018
@BBC,33,0.0,0.0,1.0,0.0,RT @bbcarts: Tsundoku: The art of buying books and never reading them https://t.co/nzmym0Gtsh,Sun Jul 29 20:26:13 +0000 2018
@BBC,34,0.0,0.0,1.0,0.0,Stacey Dooley meets a Roma girl who turned to prostitution after she was removed from her parents at 13. https://t.co/I7opQRZ6Z2,Sun Jul 29 20:03:05 +0000 2018
@BBC,35,0.4215,0.0,0.891,0.109,"üá∫üá∏ @edballs travels to America's Deep South to immerse himself in the lives of those who put Trump in power, and le‚Ä¶ https://t.co/2oLWounf1y",Sun Jul 29 19:02:05 +0000 2018
@BBC,36,0.6239,0.0,0.854,0.146,"RT @BBCSport: Geraint Thomas has done it! üëèüè¥Û†ÅßÛ†Å¢Û†Å∑Û†Å¨Û†Å≥Û†Åø

He's become the first ever Welshman to win the Tour de France üëâ https://t.co/ZtkRdPtGio‚Ä¶",Sun Jul 29 17:29:30 +0000 2018
@BBC,37,0.6705,0.094,0.591,0.315,üòÇ A Scottish three year old's take on the summer holidays. https://t.co/SaCbnnlnUm,Sun Jul 29 17:03:03 +0000 2018
@BBC,38,0.2263,0.106,0.741,0.153,"üòÄ‚ô•Ô∏è Four-year-old Daniel and 91-year-old Stuart, who has dementia, have struck up an unlikely friendship. https://t.co/DVpVhIssTc",Sun Jul 29 16:06:01 +0000 2018
@BBC,39,0.0,0.0,1.0,0.0,üòÇüì∫üá¶üá± Here‚Äôs what happened when @RomeshRanga went on Albanian TV. https://t.co/WQ8kMjSFco,Sun Jul 29 15:03:02 +0000 2018
@BBC,40,0.6369,0.0,0.833,0.167,Follow live coverage as 150 of the world's best cyclists compete on 200km of closed roads in London and Surrey. üö¥üö¥üö¥‚Ä¶ https://t.co/it0KrVzqqu,Sun Jul 29 14:01:05 +0000 2018
@BBC,41,0.5994,0.0,0.841,0.159,"RT @BBCSportWales: It's a matter of hours until Geraint Thomas is crowned as the first Welshman to win the Tour de France

üëâ Here's how he‚Ä¶",Sun Jul 29 13:20:07 +0000 2018
@BBC,42,-0.3818,0.141,0.781,0.078,"RT @bbcgetinspired: Sam Maycock is fulfilling his dad Nigel's dream by taking on the 100-mile route in #RideLondon.

Nigel died in October‚Ä¶",Sun Jul 29 13:18:07 +0000 2018
@BBC,43,-0.2732,0.249,0.609,0.142,This teenager was banned from performing in drag at his school's end-of-year talent show. https://t.co/Hi6uXtSAFz,Sun Jul 29 13:01:07 +0000 2018
@BBC,44,0.0,0.0,1.0,0.0,"RT @BBCFood: Get the whole family making jaffa cakes this weekend üëá
https://t.co/8R0azXouDH https://t.co/xEC8aeQGs0",Sun Jul 29 11:21:30 +0000 2018
@BBC,45,0.0,0.0,1.0,0.0,"What is #ThinPrivilege and who has it?
üëâ https://t.co/Ocbj6tAabk https://t.co/HMapWPvJt1",Sun Jul 29 11:01:05 +0000 2018
@BBC,46,0.0,0.0,1.0,0.0,"Researchers have found evidence of an existing body of liquid water on Mars.
üëâ https://t.co/cmykUjdfxy https://t.co/d4FhfFj5Sr",Sun Jul 29 10:12:02 +0000 2018
@BBC,47,0.6908,0.064,0.712,0.224,"üòÇ With 37 Facebook likes and the world's most convoluted chant, the CNCSC is a force to be reckoned with.‚Ä¶ https://t.co/7wQhKjH26j",Sun Jul 29 09:03:08 +0000 2018
@BBC,48,-0.9052,0.457,0.437,0.106,"üò• An endangered red squirrel has died after becoming trapped inside a discarded plastic jar.
üëâ‚Ä¶ https://t.co/19IZCDeWBZ",Sun Jul 29 08:01:07 +0000 2018
@BBC,49,0.4939,0.0,0.758,0.242,"Two tiger brothers enjoy their first swimming lesson. üêØüí¶ #InternationalTigerDay

https://t.co/QNRnmqTcK5",Sun Jul 29 07:01:03 +0000 2018
@BBC,50,0.3612,0.0,0.865,0.135,"Stand-up comedy from Stewart Lee, recorded live from the Palace Theatre, Southend-on-Sea. 

Stewart Lee Content Pro‚Ä¶ https://t.co/VCNnbkhi7J",Sat Jul 28 20:45:06 +0000 2018
@BBC,51,0.6361,0.0,0.827,0.173,"RT @BBCOne: These seadragons are dancing together in a courtship ritual - and it's absolutely beautiful.

The complete series of Life is av‚Ä¶",Sat Jul 28 20:29:40 +0000 2018
@BBC,52,-0.4019,0.213,0.787,0.0,The shocking story of a young man who shot his parents. https://t.co/6O1qzsiKAk,Sat Jul 28 20:02:03 +0000 2018
@BBC,53,0.0,0.0,1.0,0.0,RT @BBCTwo: Ever wondered how toilets are made? We're going #InsideTheFactory... üöΩüòÑ https://t.co/lgFuM6ER2p,Sat Jul 28 18:12:24 +0000 2018
@BBC,54,0.4404,0.178,0.467,0.355,üòÇ Genius https://t.co/nqWGYEEBy4,Sat Jul 28 18:07:05 +0000 2018
@BBC,55,-0.0191,0.076,0.924,0.0,"'Doesn't matter what's written on the packet, wet wipes do not disintegrate.'
#TheFiveBillionPoundSuperSewer https://t.co/Ja9nBFnr6b",Sat Jul 28 17:03:00 +0000 2018
@BBC,56,0.3182,0.0,0.777,0.223,"Are you sure you don‚Äôt gender-stereotype children?
#NoMoreBoysAndGirls https://t.co/iThZ2P6REW",Sat Jul 28 16:03:06 +0000 2018
@BBC,57,0.5719,0.0,0.85,0.15,"RT @bbcideas: Gin and tonic, the perfect pair. So, how did they come together? ü§î

More Edible Histories üé•: https://t.co/8nH3A1rqFP https://‚Ä¶",Sat Jul 28 15:31:04 +0000 2018
@BBC,58,0.5859,0.0,0.868,0.132,"RT @BBCSport: Geraint Thomas just needs to roll over the line in Paris tomorrow to win the 2018 Tour de France.

He'll become the first Wel‚Ä¶",Sat Jul 28 15:30:28 +0000 2018
@BBC,59,-0.8658,0.427,0.573,0.0,"Branded and beaten: The children accused of witchcraft and murder.
üëâ https://t.co/0Lzx9wdLa1 https://t.co/Syvy5ca7QG",Sat Jul 28 15:04:06 +0000 2018
@BBC,60,0.5106,0.0,0.68,0.32,üêæ‚ù§Ô∏è Heaven really is a place on Earth... https://t.co/hCE7MqzF2P,Sat Jul 28 14:06:01 +0000 2018
@BBC,61,0.0,0.0,1.0,0.0,üìñü•™ A brief history of the humble sarnie. https://t.co/25GXnqIXZy,Sat Jul 28 13:02:06 +0000 2018
@BBC,62,0.0,0.0,1.0,0.0,"RT @bbcgetinspired: ""You can rise again, it's not as though one thing happens to you and that's the end of your story."" 

After being hit b‚Ä¶",Sat Jul 28 12:02:40 +0000 2018
@BBC,63,0.0,0.0,1.0,0.0,RT @BBCScienceNews: Climate change made heatwave 'twice as likely' https://t.co/FQqzyhbiK4,Sat Jul 28 12:02:08 +0000 2018
@BBC,64,0.7157,0.082,0.647,0.271,"üß† 'Damaging your brain might not kill you, but can change your behaviour.'

Five fascinating facts about the human‚Ä¶ https://t.co/XLoaV7C1uM",Sat Jul 28 11:03:04 +0000 2018
@BBC,65,0.4389,0.0,0.862,0.138,"RT @BBCWorld: Simply stunning!

The longest #BloodMoon eclipse of the 21st Century as seen around the world

https://t.co/aHwGkVc3OP https:‚Ä¶",Sat Jul 28 10:46:22 +0000 2018
@BBC,66,0.4019,0.0,0.787,0.213,Need to clean your headphone socket? Check out this #TechHack. https://t.co/RDtpHt03ZX,Sat Jul 28 10:05:04 +0000 2018
@BBC,67,0.6369,0.0,0.802,0.198,"üìöüåç With classic and contemporary choices perfectly matched to destinations all over the world, here's your ultimate‚Ä¶ https://t.co/fsadf3W3rU",Sat Jul 28 09:03:03 +0000 2018
@BBC,68,0.0,0.0,1.0,0.0,üõå Namastay in bed! https://t.co/s2J2Uf4U99,Sat Jul 28 08:02:06 +0000 2018
@BBC,69,0.4939,0.0,0.686,0.314,üê∂ Hearing dogs can save a life. https://t.co/bTcvuvGYJt,Sat Jul 28 07:05:02 +0000 2018
@BBC,70,0.6908,0.0,0.739,0.261,A pair of beavers are being released into the Forest of Dean with the hope they'll help prevent flooding in the are‚Ä¶ https://t.co/wD23PTQUPg,Fri Jul 27 18:01:08 +0000 2018
@BBC,71,0.4404,0.0,0.828,0.172,RT @bbcpress: Stellar cast and creative team unveiled for @BBCOne adaptation of @PhilipPullman's #HisDarkMaterials: https://t.co/4Bm3OIaXCH‚Ä¶,Fri Jul 27 17:47:28 +0000 2018
@BBC,72,0.0,0.0,1.0,0.0,üéÖüéÑüòÇ Too soon? https://t.co/L368bWE3t5,Fri Jul 27 17:02:03 +0000 2018
@BBC,73,0.6486,0.0,0.765,0.235,When your boss is looking for you but it's after 5pm... üëã #FridayFeeling https://t.co/J3NZSVi7jj,Fri Jul 27 15:59:00 +0000 2018
@BBC,74,0.34,0.0,0.789,0.211,"üëÄ Who's excited to see the #BloodMoon tonight? 
#LunarEclipse https://t.co/jhx3zLDOTS",Fri Jul 27 15:16:01 +0000 2018
@BBC,75,0.0,0.0,1.0,0.0,"üëÉüíê How teenage perfumes smell to you - an actual adult.
üëâ https://t.co/PCRmoujpVJ https://t.co/P0tmdqfbUC",Fri Jul 27 13:01:03 +0000 2018
@BBC,76,0.5719,0.091,0.664,0.245,"RT @BBCEarth: Just a seal getting a good tummy-rub from a diver, no biggie üòç

#OurBluePlanet with @Sealdiver https://t.co/L8yAINvPdJ",Fri Jul 27 12:50:53 +0000 2018
@BBC,77,-0.2023,0.125,0.795,0.08,üò≥ This man wants people to stop pretending to have sex with his hedge. https://t.co/VbuY1xtbQ1,Fri Jul 27 12:24:44 +0000 2018
@BBC,78,0.674,0.0,0.841,0.159,RT @BBCClick: The @BBCProms projection show at the Royal Albert Hall had lights so strong that planes were told not to fly over it! https:/‚Ä¶,Fri Jul 27 12:14:56 +0000 2018
@BBC,79,0.3802,0.0,0.822,0.178,‚õ∑üê∂ This is one way to keep dogs cool in the heat! https://t.co/ObXmR8febC,Fri Jul 27 12:00:18 +0000 2018
@BBC,80,0.5267,0.0,0.794,0.206,"üî¨ From 'the God particle' to our ability to observe gravitational waves, here are 7 extraordinary things science ha‚Ä¶ https://t.co/j4tgSCx3vl",Fri Jul 27 11:02:04 +0000 2018
@BBC,81,0.0,0.0,1.0,0.0,"üëÄüåù Skywatchers will be treated to the longest ""blood moon"" eclipse of the century tonight, with the totality period‚Ä¶ https://t.co/w1Eoi6fA9R",Fri Jul 27 09:51:01 +0000 2018
@BBC,82,0.0,0.0,1.0,0.0,RT @bbccomedy: British or American Stand-up? ü§îüá¨üáßüá∫üá∏ https://t.co/HBxD8YmCSZ,Fri Jul 27 09:38:09 +0000 2018
@BBC,83,0.6705,0.094,0.591,0.315,üòÇ A Scottish three year old's take on the summer holidays. https://t.co/SaCbnnlnUm,Fri Jul 27 08:00:16 +0000 2018
@BBC,84,-0.34,0.18,0.702,0.118,‚ù§Ô∏èüìù A teenager who attached uplifting messages to a bridge to help people facing a mental health crisis has helped‚Ä¶ https://t.co/gGO3mXQkkd,Fri Jul 27 07:26:02 +0000 2018
@BBC,85,-0.6249,0.221,0.779,0.0,üíî @BoyGeorge discovers that in 1919 his grandmother was found wandering the streets alone as a 6 year old child.‚Ä¶ https://t.co/CmyXz2oGYr,Fri Jul 27 07:01:03 +0000 2018
@BBC,86,-0.4588,0.208,0.693,0.099,"After being abused on dating apps for having HIV, Joe has turned to art to help combat the stigma. 
(via @BBCThree) https://t.co/b6mar28jBl",Thu Jul 26 19:02:05 +0000 2018
@BBC,87,-0.046,0.131,0.746,0.123,"Tonight, a team of inventors attempt to change the lives of three inspiring people with very different problems. üí°‚Ä¶ https://t.co/L7yN0qkCNz",Thu Jul 26 18:02:07 +0000 2018
@BBC,88,-0.5106,0.142,0.858,0.0,A dog called Minnie has been reunited with her owners two years after thieves stole a truck she was sleeping in. üê∂‚Ä¶ https://t.co/CzeVkauFSx,Thu Jul 26 17:01:06 +0000 2018
@BBC,89,-0.296,0.091,0.909,0.0,"RT @bbcpress: Late for the first game of @BBCMOTD, missed the first dance on #Strictly or tuned in halfway through #EastEnders? Pushing the‚Ä¶",Thu Jul 26 16:11:16 +0000 2018
@BBC,90,0.2263,0.106,0.741,0.153,"üòÄ‚ô•Ô∏è Four-year-old Daniel and 91-year-old Stuart, who has dementia, have struck up an unlikely friendship.  https://t.co/DVpVhIssTc",Thu Jul 26 16:02:03 +0000 2018
@BBC,91,0.0,0.0,1.0,0.0,RT @bbcweather: It is officially the hottest day of the year so far in the UK with temperatures soaring to 35C in west London. https://t.co‚Ä¶,Thu Jul 26 15:40:44 +0000 2018
@BBC,92,-0.1779,0.101,0.826,0.072,"""I would like to do it all over again. There was a war on but otherwise it was absolutely wonderful."" ‚ù§Ô∏èÔ∏è

Remember‚Ä¶ https://t.co/1cSKgxW5gF",Thu Jul 26 13:01:05 +0000 2018
@BBC,93,-0.4614,0.236,0.764,0.0,"üòÆ You don't want to get between two fighting kangaroos!
#LifeStory https://t.co/xX95kVkWJU",Thu Jul 26 12:02:06 +0000 2018
@BBC,94,-0.4019,0.148,0.788,0.064,"A record number of primary school children are leaving school severely obese, according to new figures from Public‚Ä¶ https://t.co/nmc8w0pnGW",Thu Jul 26 11:00:16 +0000 2018
@BBC,95,-0.8176,0.238,0.762,0.0,"RT @BBCEngland: The last living female pilot from World War Two, Mary Ellis, has died aged 101 at her home on the Isle of Wight https://t.c‚Ä¶",Thu Jul 26 08:45:35 +0000 2018
@BBC,96,-0.4019,0.172,0.828,0.0,"This school is tackling their single-use plastic problem one lunchbox at a time.
#PlasticsAction https://t.co/dBJBC46C06",Thu Jul 26 08:00:00 +0000 2018
@BBC,97,-0.3818,0.167,0.732,0.102,We call violence an ‚Äòepidemic‚Äô ‚Äì and there is reason to take that literally... treating it like an infectious disea‚Ä¶ https://t.co/871oH89IB6,Thu Jul 26 07:28:06 +0000 2018
@BBC,98,-0.4019,0.252,0.748,0.0,"‚ô®Ô∏èüò¥ Having trouble sleeping in this heatwave?
#HeatwaveUK https://t.co/N8Nstm5gC7",Thu Jul 26 07:01:02 +0000 2018
@BBC,99,0.4019,0.136,0.617,0.247,"Colin Firth stars in an award-winning adaptation of Jane Austen's classic romance. üìöüòç

Pride and Prejudice |‚Ä¶ https://t.co/bgxyIt8i5g",Wed Jul 25 19:02:00 +0000 2018
@BBC,100,0.4404,0.092,0.725,0.184,"From @rosskemp to @sirpatstew: these are the ultimate Extras celebrity cameos. üòÇ

https://t.co/MzLh704sPC",Wed Jul 25 18:02:05 +0000 2018
@BBC,101,0.0,0.0,1.0,0.0,"Is this Africa‚Äôs most inventive neighbourhood? üí°üåøü•ë

https://t.co/xgeQCMM1XP",Wed Jul 25 16:02:05 +0000 2018
@CBS,2,0.9098,0.0,0.549,0.451,Celebrate #NationalAvocadoDay with @letsmakeadeal. ü•ë Relive this #LMAD moment when an avocado wins one amazing deal! https://t.co/QS8GLajWU5,Tue Jul 31 21:02:33 +0000 2018
@CBS,3,0.34,0.0,0.876,0.124,"Housewives. PTA moms. School volunteers. Starting TONIGHT, hear the stories of seemingly innocent women who put it‚Ä¶ https://t.co/5TA15OiTuh",Sat Jul 28 16:43:56 +0000 2018
@CBS,4,0.75,0.0,0.727,0.273,"This is one allowance that can‚Äôt be beat! Kids are winning big this week on @PriceIsRight. üéâ
 https://t.co/lncKu9XvNo",Wed Jul 25 17:25:36 +0000 2018
@CBS,5,0.0,0.0,1.0,0.0,"Renowned artists Cher, Philip Glass, Reba McEntire, Wayne Shorter, and the co-creators of #Hamilton will be recogni‚Ä¶ https://t.co/PEjjI9MKE1",Wed Jul 25 15:12:31 +0000 2018
@CBS,6,0.34,0.0,0.882,0.118,Who's excited for the return of @MurphyBrownCBS? Here's a behind-the-scenes look at the first table read of the sea‚Ä¶ https://t.co/1B5S4WJnCW,Wed Jul 25 01:05:03 +0000 2018
@CBS,7,-0.1511,0.099,0.834,0.068,"Mark your calendars because you won‚Äôt want to miss this! Former Secretaries of State @HillaryClinton, @Madeleine, a‚Ä¶ https://t.co/JKDPp97OqN",Tue Jul 24 18:54:14 +0000 2018
@CBS,8,0.8293,0.0,0.66,0.34,The cast couldn‚Äôt be more excited to welcome @ansonmount into the @startrekcbs family! Who‚Äôs ready to see the iconi‚Ä¶ https://t.co/fOS4f4VCb2,Mon Jul 23 21:30:33 +0000 2018
@CBS,9,0.128,0.0,0.927,0.073,RT @startrekcbs: Stream the full panel &amp; learn all the exclusive details revealed about season 2 of #StarTrekDiscovery at @Comic_Con: https‚Ä¶,Sun Jul 22 01:56:13 +0000 2018
@CBS,10,-0.296,0.109,0.891,0.0,RT @MagnumPICBS: Couldn't make it to San Diego for the #MagnumPI panel? Here's everything you missed at #SDCC2018: https://t.co/Z7IBqF1YJ8‚Ä¶,Sat Jul 21 00:55:28 +0000 2018
@CBS,11,-0.296,0.109,0.891,0.0,RT @bigbangtheory: The #BigBangTheory writers teased a honeymoon episode and more @YoungSheldon characters in Season 12 while speaking at #‚Ä¶,Sat Jul 21 00:19:12 +0000 2018
@CBS,12,-0.7964,0.264,0.736,0.0,"RT @TrueCrimeCBS: When you find out you‚Äôve been treated with chemo, but you don‚Äôt have cancer. #Whistleblower https://t.co/DAKwu1vcNX",Sat Jul 21 00:10:00 +0000 2018
@CBS,13,-0.6597,0.18,0.82,0.0,George blew the whistle on a doctor targeting those who believed they had cancer. What was the outcome? Find out to‚Ä¶ https://t.co/rLlNzlK3Cy,Fri Jul 20 23:44:54 +0000 2018
@CBS,14,0.3182,0.0,0.905,0.095,"RT @startrekcbs: Discover the next adventure of Starfleet in this first look at the season 2 premiere, coming early 2019. Season 1 is now s‚Ä¶",Fri Jul 20 22:29:36 +0000 2018
@CBS,15,0.0,0.0,1.0,0.0,Take a trip down memory lane with the cast and crew of @MagnumPICBS at #SDCC2018! https://t.co/jHVxm7kyaT,Fri Jul 20 21:39:09 +0000 2018
@CBS,16,0.0,0.0,1.0,0.0,"This @cbsallaccess series is unlike any fairy tale you've ever seen before. @paulwesley, @kevwilliamson &amp;‚Ä¶ https://t.co/icsSnPxKAr",Fri Jul 20 15:08:23 +0000 2018
@CBS,17,0.0,0.0,1.0,0.0,ü§∞üë©‚Äçüëßüö´üç∏ #WorldEmojiDay,Tue Jul 17 17:55:25 +0000 2018
@CBS,18,0.0,0.0,1.0,0.0,üë®üìù‚úîÔ∏è¬†#WorldEmojiDay,Tue Jul 17 17:22:29 +0000 2018
@CBS,19,0.0,0.0,1.0,0.0,üë©‚Äçüíºüíºüá∫üá∏¬†#WorldEmojiDay,Tue Jul 17 17:22:29 +0000 2018
@CBS,20,0.0,0.0,1.0,0.0,üïµÔ∏èüïµÔ∏è‚Äç‚ôÄÔ∏è¬†#WorldEmojiDay,Tue Jul 17 17:22:29 +0000 2018
@CBS,21,0.0,0.0,1.0,0.0,‚öìÔ∏èü¶Öüá∫üá∏¬†#WorldEmojiDay,Tue Jul 17 17:22:29 +0000 2018
@CBS,22,0.0,0.0,1.0,0.0,üèÑüå¥üöî¬†#WorldEmojiDay,Tue Jul 17 17:22:29 +0000 2018
@CBS,23,0.0,0.0,1.0,0.0,üíôüëÆüçΩ¬†#WorldEmojiDay,Tue Jul 17 17:22:28 +0000 2018
@CBS,24,0.0,0.0,1.0,0.0,üí£üìé¬†#WorldEmojiDay,Tue Jul 17 17:22:28 +0000 2018
@CBS,25,0.0,0.0,1.0,0.0,üåé‚òÑÔ∏è¬†#WorldEmojiDay,Tue Jul 17 17:22:28 +0000 2018
@CBS,26,0.0,0.0,1.0,0.0,üè∑üí∞üé∞¬†#WorldEmojiDay,Tue Jul 17 17:22:28 +0000 2018
@CBS,27,0.0,0.0,1.0,0.0,üë∂üò¥üö´¬†#WorldEmojiDay,Tue Jul 17 17:22:28 +0000 2018
@CBS,28,0.0,0.0,1.0,0.0,ü§ùüíºüí∞¬†#WorldEmojiDay,Tue Jul 17 17:22:28 +0000 2018
@CBS,29,0.0,0.0,1.0,0.0,üíÑüë†üì∑¬†#WorldEmojiDay,Tue Jul 17 17:22:27 +0000 2018
@CBS,30,0.0,0.0,1.0,0.0,üèùüî•üíµ¬†#WorldEmojiDay,Tue Jul 17 17:22:27 +0000 2018
@CBS,31,0.0,0.0,1.0,0.0,üêÆ‚öñÔ∏è¬†#WorldEmojiDay,Tue Jul 17 17:22:27 +0000 2018
@CBS,32,0.0,0.0,1.0,0.0,üè†üìπüìπüìπ¬†#WorldEmojiDay,Tue Jul 17 17:22:27 +0000 2018
@CBS,33,0.0,0.0,1.0,0.0,üë∂üí•üåéüî¨¬†#WorldEmojiDay,Tue Jul 17 17:22:27 +0000 2018
@CBS,34,0.0,0.0,1.0,0.0,üí•üåéüî¨¬†#WorldEmojiDay,Tue Jul 17 17:22:26 +0000 2018
@CBS,35,0.807,0.0,0.742,0.258,Celebrate #WorldEmojiDay with a fun game! Use the emoji sequences below to guess the CBS show. üëá Tweet your respons‚Ä¶ https://t.co/LCqvuVtkXK,Tue Jul 17 17:22:26 +0000 2018
@CBS,36,0.1139,0.0,0.922,0.078,"Stand up. Speak up. Blow the whistle. 

Don't miss the premiere of the @TrueCrimeCBS series #Whistleblower tonight‚Ä¶ https://t.co/uNhx4Codc2",Fri Jul 13 21:35:01 +0000 2018
@CBS,37,-0.4404,0.132,0.868,0.0,"RT @TheNeighborhood: There's a new family on the block, and they're about to turn this neighborhood upside down. @CedEntertainer and @Tichi‚Ä¶",Fri Jul 13 21:15:41 +0000 2018
@CBS,38,0.0,0.0,1.0,0.0,Take a walk down @YandR_CBS memory lane with stars @JessWaltonYR and Peter Bergman! You can watch full episodes of‚Ä¶ https://t.co/MZEUfiJJyb,Fri Jul 13 17:49:38 +0000 2018
@CBS,39,0.6514,0.0,0.718,0.282,RT @TKOCBS: Prepare to have some major FUN. #TKO starts NOW! https://t.co/i2ftL6GCj5,Thu Jul 12 01:01:24 +0000 2018
@CBS,40,0.5562,0.0,0.826,0.174,"It‚Äôs fun, different, unique, and finally here! @TKOCBS hosted by @KevinHart4real premieres at 9/8c on CBS and‚Ä¶ https://t.co/MCeVLVK85i",Wed Jul 11 21:44:45 +0000 2018
@CBS,41,0.5411,0.0,0.857,0.143,"RT @MagnumPICBS: Talk about hands-on research! #MagnumPI's cast had the honor of joining the US Navy Submarine Force, US Pacific Fleet #Sub‚Ä¶",Wed Jul 11 19:09:34 +0000 2018
@CBS,42,0.0,0.0,1.0,0.0,Time to mark your calendars! CBS' fall 2018 premiere lineup has been announced: https://t.co/yYv3H9aEO7 https://t.co/lRxAA7suie,Mon Jul 09 23:55:07 +0000 2018
@CBS,43,-0.3818,0.106,0.894,0.0,"RT @TKOCBS: The Ball Buster, the Frisboom, the Spike Launcher, and the Slammer‚Ä¶ Get to know all of the #TKO Battle Stations: https://t.co/2‚Ä¶",Mon Jul 09 18:53:34 +0000 2018
@CBS,44,0.3182,0.0,0.897,0.103,"RT @cbsallaccess: How much does it cost to bury the truth? #OneDollar premieres August 30, exclusively on CBS All Access. https://t.co/2HdY‚Ä¶",Mon Jul 09 18:09:00 +0000 2018
@CBS,45,0.4019,0.0,0.847,0.153,"RT @SalvationCBS: Mark your calendars, #Salvies: Monday's new #SalvationCBS will air at a special time, 10/9c. https://t.co/RUh1J7cfj8",Fri Jul 06 22:22:55 +0000 2018
@CBS,46,0.8622,0.0,0.61,0.39,Happy #InternationalKissingDay! See which stars we caught locking lips on the CBS Kiss Cam. üòò https://t.co/oMPCHZlgCl,Fri Jul 06 18:26:37 +0000 2018
@CBS,47,0.3612,0.0,0.898,0.102,Have you heard? Tonight's the first Live Show of #BB20. Grab a seat and get ready to watch the action unfold on CBS‚Ä¶ https://t.co/0YgRV1HLGd,Thu Jul 05 21:12:17 +0000 2018
@CBS,48,0.3182,0.0,0.892,0.108,"How much does it cost to bury the truth? #OneDollar premieres Thursday, August 30, exclusively on CBS All Access.‚Ä¶ https://t.co/1tab8eCaFz",Mon Jul 02 21:13:11 +0000 2018
@CBS,49,0.0,0.0,1.0,0.0,Take a first look at our @Comic_Con lineup along with details of what you can expect to see:‚Ä¶ https://t.co/JqBtlKcwq3,Mon Jul 02 20:47:32 +0000 2018
@CBS,50,0.0,0.0,1.0,0.0,RT @TrueCrimeCBS: Two new true-crime series are set to premiere this July on CBS! Learn more about #Whistleblower and #PinkCollarCrimes bef‚Ä¶,Mon Jul 02 17:27:06 +0000 2018
@CBS,51,0.5411,0.0,0.741,0.259,"If at first you don‚Äôt succeed on @PriceIsRight‚Ä¶bid, bid again! https://t.co/OWBaOsFZ3i",Mon Jul 02 17:00:02 +0000 2018
@CBS,52,0.0,0.0,1.0,0.0,What‚Äôs summer without @CBSBigBrother? ‚òÄÔ∏è RT if you‚Äôre counting down the hours to the #BB20 premiere TONIGHT at 8/7c‚Ä¶ https://t.co/Xp1s4Fp5J8,Wed Jun 27 20:31:32 +0000 2018
@CBS,53,0.7574,0.0,0.711,0.289,"It looks like you...

(‚Ä¢_‚Ä¢)
( ‚Ä¢_‚Ä¢)&gt;‚åê‚ñ†-‚ñ†
(‚åê‚ñ†_‚ñ†)

Have a lot of TV to watch!

Celebrate #NationalSunglassesDay with H‚Ä¶ https://t.co/Babt4ajIgV",Wed Jun 27 14:00:01 +0000 2018
@CBS,54,0.5574,0.0,0.796,0.204,The world will finally know the truth. ‚òÑÔ∏è Make sure to tune in to the heart-pounding Season 2 premiere of‚Ä¶ https://t.co/mqMleW90DY,Mon Jun 25 18:20:25 +0000 2018
@CBS,55,0.1867,0.0,0.902,0.098,Tonight's the night! Don't miss model @ashleygraham on the season finale of Celebrity @undercover_cbs at 8/7c. https://t.co/iBxAOcOF7a,Fri Jun 22 21:19:06 +0000 2018
@CBS,56,0.4199,0.0,0.811,0.189,"Every day is #TakeYourDogToWorkDay for shows like @HawaiiFive0CBS, @MomCBS, @SEALTeamCBS, and @bigbangtheory! https://t.co/DJaOt1VQcw",Fri Jun 22 18:33:53 +0000 2018
@CBS,57,0.4926,0.0,0.803,0.197,"Lights, camera, selfie! üì∏¬†Could there be a better photo for #NationalSelfieDay? https://t.co/14Ewx64yKC",Thu Jun 21 23:29:50 +0000 2018
@CBS,58,0.3555,0.122,0.68,0.199,There‚Äôs nothing quite like watching a contestant win a brand new car on @PriceIsRight. üëè  https://t.co/aKlFikYAMM,Wed Jun 20 00:39:01 +0000 2018
@CBS,59,0.0,0.0,1.0,0.0,Time to make your predictions for #BB20! üëè Get to know the @CBSBigBrother Houseguests before the big premiere next‚Ä¶ https://t.co/jlpIchJ9sk,Mon Jun 18 20:27:50 +0000 2018
@CBS,60,0.0,0.0,1.0,0.0,RT @CBSBigBrother: Meet the cast of #BB20... before anyone else! Start streaming all their live interviews beginning at 11am EST/8am PST on‚Ä¶,Mon Jun 18 15:00:46 +0000 2018
@CBS,61,0.9392,0.0,0.507,0.493,"Today and every day we celebrate their love, guidance, and support. Happy #FathersDay to every kind of dad! https://t.co/Wffax1khBH",Sun Jun 17 13:00:01 +0000 2018
@CBS,62,0.3595,0.0,0.872,0.128,"Casting Alert! @paulwesley, @DaniaJRamirez &amp; @JamesWolk are set to star in the upcoming CBS All Access psychologica‚Ä¶ https://t.co/JnZMrzT92n",Fri Jun 15 18:48:29 +0000 2018
@CBS,63,-0.296,0.167,0.833,0.0,"In case you missed it, watch the entire #TonyAwards now: https://t.co/Bm0yNV3Ff3 https://t.co/h3YnFkmSQJ",Thu Jun 14 17:30:00 +0000 2018
@CBS,64,0.1779,0.12,0.734,0.147,RT @StrangeAngel: Mastermind or maniac? Explore the brilliant mind of Jack Parsons in #StrangeAngel. Now streaming on CBS All Access: https‚Ä¶,Thu Jun 14 16:19:32 +0000 2018
@CBS,65,-0.5562,0.315,0.551,0.134,"No pain, no gain, ALL Hart! Just one month until the premiere of @TKOCBS hosted by @KevinHart4real. https://t.co/C1yMCglxVn",Tue Jun 12 00:19:23 +0000 2018
@CBS,66,0.5093,0.0,0.829,0.171,"RT @TheNeighborhood: Welcome to #TheNeighborhood, @BethBehrs! The @2BrokeGirls star returns to @CBS in a new sitcom alongside @CedEntertain‚Ä¶",Mon Jun 11 22:23:06 +0000 2018
@CBS,67,-0.296,0.167,0.833,0.0,"In case you missed it, watch the entire #TonyAwards now: https://t.co/Bm0yNV3Ff3 https://t.co/3GA5otlcPa",Mon Jun 11 19:01:38 +0000 2018
@CBS,68,0.0,0.0,1.0,0.0,How do you know @SaraBareilles and @joshgroban's music? #TonyAwards https://t.co/POMXBORfUT,Mon Jun 11 14:00:37 +0000 2018
@CBS,69,0.0,0.0,1.0,0.0,Here are all the performances from the 2018 #TonyAwards: https://t.co/gN4ItpFlRd https://t.co/fSMNBXKC9r,Mon Jun 11 06:19:36 +0000 2018
@CBS,70,0.4767,0.0,0.78,0.22,See the complete list of winners from the 2018 #TonyAwards: https://t.co/9XK6CGeber https://t.co/HkUIN4Quej,Mon Jun 11 06:04:41 +0000 2018
@CBS,71,0.8478,0.0,0.594,0.406,An end to a magical evening. The Band's Visit wins for Best Musical! #TonyAwards https://t.co/ODza97n8YH,Mon Jun 11 03:10:33 +0000 2018
@CBS,72,0.92,0.0,0.537,0.463,Congratulations are in order for @TheKatrinaLenk! She just won for Best Leading Actress in a Musical. #TonyAwards https://t.co/t9bNvpiEmH,Mon Jun 11 03:02:06 +0000 2018
@CBS,73,0.4404,0.088,0.737,0.175,"RT @CBSThisMorning: Hmm... something seems off here @SaraBareilles @JoshGroban. üòÇ

@WaitressMusical @GreatCometBway #TonyAwards https://t.c‚Ä¶",Mon Jun 11 02:58:30 +0000 2018
@CBS,74,0.4404,0.0,0.847,0.153,RT @_stobin13: watching the #TonyAwards after going to 3 broadway shows this weekend makes it even better üòçü§©,Mon Jun 11 02:56:40 +0000 2018
@CBS,75,0.836,0.0,0.533,0.467,Tony Shalhoub wins Best Leading Actor in a Musical. #TonyAwards   #TheBandsVisit https://t.co/KcUDSicKI5,Mon Jun 11 02:56:10 +0000 2018
@CBS,76,0.0,0.0,1.0,0.0,The Boss looks right at home on the #TonyAwards stage! https://t.co/pwjv4iydkn,Mon Jun 11 02:53:00 +0000 2018
@CBS,77,0.6369,0.0,0.682,0.318,RT @Aatamianphoto: Springsteen is on the #TonyAwards and I love it.,Mon Jun 11 02:47:29 +0000 2018
@CBS,78,0.7978,0.0,0.457,0.543,Inspiration: Get to your YES! #OnceOnThisIsland #TonyAwards https://t.co/Wjp0QIWfXq,Mon Jun 11 02:44:50 +0000 2018
@CBS,79,0.9523,0.0,0.484,0.516,The feeling when you win a Tony. üôå¬†Congratulations to Once on This Island for winning Best Revival of a Musical!‚Ä¶ https://t.co/UpFCqgBTwh,Mon Jun 11 02:44:37 +0000 2018
@CBS,80,0.5994,0.0,0.698,0.302,What a beautiful performance by the cast of #TheBandsVisit. #TonyAwards https://t.co/4Hw96kZvrf,Mon Jun 11 02:33:09 +0000 2018
@CBS,81,0.4215,0.0,0.877,0.123,"""I'm a living example of how theatre can change you - and it didn't just change me, it saved me."" @JohnLeguizamo at‚Ä¶ https://t.co/4ICwMhb6hv",Mon Jun 11 02:29:18 +0000 2018
@CBS,82,0.8932,0.0,0.483,0.517,Angels in America takes the win for Best Revival of a Play! #TonyAwards https://t.co/zodW61tw8a,Mon Jun 11 02:23:56 +0000 2018
@CBS,83,0.0,0.0,1.0,0.0,"RT @leahableson: The Once On This Island Goat And Chicken made it to the broadcast, Mama WILL provide #TonyAwards",Mon Jun 11 02:21:03 +0000 2018
@CBS,84,0.0,0.0,1.0,0.0,That performance was the GOAT. #TonyAwards https://t.co/mtoU92HipQ,Mon Jun 11 02:16:06 +0000 2018
@CBS,85,0.8908,0.0,0.509,0.491,Harry Potter and the Cursed Child wins Best Play at the #TonyAwards! @HPPlayNYC https://t.co/WIqJQmtAlN,Mon Jun 11 02:11:03 +0000 2018
@CBS,86,0.0,0.0,1.0,0.0,üé∂ ‚ÄúLet's dance this last dance tonight.‚Äù üé∂ #TonyAwards #DonnaSummerMusical https://t.co/UAIaglChfv,Mon Jun 11 02:05:47 +0000 2018
@CBS,87,0.4926,0.0,0.738,0.262,Hope he brought enough birthday cake for everyone! #TonyAwards https://t.co/FlLbKV6oj8,Mon Jun 11 02:03:31 +0000 2018
@CBS,88,0.5093,0.0,0.477,0.523,@writerlindsayb You're welcome! #TonyAwards,Mon Jun 11 01:58:48 +0000 2018
@CBS,89,0.7579,0.0,0.519,0.481,RT @hjmayer8: I sure do love @DearEvanHansen üíô #TonyAwards,Mon Jun 11 01:53:17 +0000 2018
@CBS,90,0.6467,0.0,0.752,0.248,"RT @Valerie4815: What a birthday present, the Tony audience singing happy birthday to you!! #TonyAwards",Mon Jun 11 01:51:16 +0000 2018
@CBS,91,0.0,0.0,1.0,0.0,If only this performance could go on forever. #TonyAwards @FrozenBroadway https://t.co/p2BMUvyTxr,Mon Jun 11 01:38:23 +0000 2018
@CBS,92,0.636,0.0,0.724,0.276,RT @anna_villanueva: Magnificent performance from the cast of @FrozenBroadway! #TonyAwards2018 #TonyAwards #Tonys,Mon Jun 11 01:37:36 +0000 2018
@CBS,93,0.8834,0.0,0.437,0.563,Glenda Jackson wins Best Leading Actress in a Play. #TonyAwards @threetallwomen https://t.co/GRp1gcBuiW,Mon Jun 11 01:30:56 +0000 2018
@CBS,94,0.0,0.0,1.0,0.0,.@SaraBareilles is totally a Gryffindor. #TonyAwards https://t.co/OPQ7esk2dn,Mon Jun 11 01:29:21 +0000 2018
@CBS,95,0.7351,0.079,0.625,0.296,RT @IzzyNY202: How impressive are these Marjory Stoneman Douglas students? That #TonyAwards performance reduced me to tears. Amazing.,Mon Jun 11 01:26:03 +0000 2018
@CBS,96,0.0,0.0,1.0,0.0,RT @KatLargent: MAGIC #TonyAwards,Mon Jun 11 01:25:59 +0000 2018
@CBS,97,0.0,0.0,1.0,0.0,Such a touching moment at the #TonyAwards. ‚ù§Ô∏è https://t.co/4kJWTHVPZ8,Mon Jun 11 01:24:46 +0000 2018
@CBS,98,0.4019,0.0,0.838,0.162,.@Matt_Morrison welcomes the Marjory Stoneman Douglas High School theatre department to the stage. #TonyAwards https://t.co/5dxa9smeka,Mon Jun 11 01:24:12 +0000 2018
@CBS,99,0.9151,0.0,0.543,0.457,So many feels at the #TonyAwards. Congratulations to @arielstachel for winning Best Featured Actor in a Musical!‚Ä¶ https://t.co/m1aRNIHPRK,Mon Jun 11 01:19:59 +0000 2018
@CBS,100,0.6369,0.0,0.625,0.375,RT @McBenefit: I love everything about you @UzoAduba. #TonyAwards,Mon Jun 11 01:12:31 +0000 2018
@CBS,101,0.1511,0.0,0.898,0.102,RT if that musical number by the cast of Carousel blew you away! #TonyAwards https://t.co/CMzMNtcAQO,Mon Jun 11 01:08:28 +0000 2018
@CNN,2,0.4019,0.0,0.886,0.114,Chefs Guy Fieri and Jos√© Andr√©s are doing everything they can to help feed the evacuees and first responders to Cal‚Ä¶ https://t.co/PPPueLDJC8,Wed Aug 01 08:28:04 +0000 2018
@CNN,3,-0.5106,0.155,0.845,0.0,"Ahed Tamimi: Palestinian teen eyes future as 'famous lawyer'

After serving eight months in prison, the widely know‚Ä¶ https://t.co/ZPHGbKuo3Z",Wed Aug 01 08:21:06 +0000 2018
@CNN,4,0.6369,0.0,0.792,0.208,"Here are 16 of the world's best coastline destinations, scattered across six continents and three oceans https://t.co/9jc99xxdUU",Wed Aug 01 08:14:05 +0000 2018
@CNN,5,0.0,0.0,1.0,0.0,These Indian churches mix unusual shapes with colorful biblical references. Here's why https://t.co/GYKSg0ovCp,Wed Aug 01 08:07:04 +0000 2018
@CNN,6,0.0,0.0,1.0,0.0,The disappearing White House press briefing | Analysis by @CillizzaCNN https://t.co/SuS0WaPO0h https://t.co/MjwssQb1Ss,Wed Aug 01 07:59:05 +0000 2018
@CNN,7,-0.2732,0.091,0.909,0.0,"""There is an unexplainable amount of grief in our city, but also an unexplainable amount of love."" In the midst of‚Ä¶ https://t.co/4L0zoxt83k",Wed Aug 01 07:52:07 +0000 2018
@CNN,8,0.0,0.0,1.0,0.0,The Trump Tower meeting: A timeline https://t.co/C592JMMlTJ https://t.co/9sPmGWrnZJ,Wed Aug 01 07:45:06 +0000 2018
@CNN,9,0.0,0.0,1.0,0.0,"A child's brain repaired itself after a full third of the right hemisphere was surgically removed, rewiring itself‚Ä¶ https://t.co/ONHiNEy7fe",Wed Aug 01 07:38:06 +0000 2018
@CNN,10,0.0258,0.0,0.936,0.064,Trump isn't everything in the midterms. Local factors will matter too | Analysis by CNN's Harry Enten‚Ä¶ https://t.co/jIkB3bL6vy,Wed Aug 01 07:31:04 +0000 2018
@CNN,11,0.0,0.0,1.0,0.0,Here are key takeaways from day one of the Paul Manafort trial https://t.co/ZwYe2oVfr6 https://t.co/TEhKGzmx6e,Wed Aug 01 07:24:02 +0000 2018
@CNN,12,0.0,0.0,1.0,0.0,"The Trump administration plans to raise pending tariffs on $200 billion in Chinese goods to 25% from 10%, a source‚Ä¶ https://t.co/M5yA9qhCxj",Wed Aug 01 07:17:06 +0000 2018
@CNN,13,0.872,0.0,0.68,0.32,RT @cnni: JUST IN: Zimbabwe's ruling Zanu-PF party appears set to win a majority in parliament after winning 109 seats so far in national e‚Ä¶,Wed Aug 01 07:14:31 +0000 2018
@CNN,14,0.0,0.0,1.0,0.0,"President Trump says American farmers getting hit by tariffs ""can take it,"" speaking to a crowd at a Florida rally‚Ä¶ https://t.co/MrP6M0Cdmj",Wed Aug 01 07:10:04 +0000 2018
@CNN,15,0.5267,0.0,0.764,0.236,"Why men get the ""glamour work"" assignments more than women https://t.co/YMp3DEnFlF https://t.co/YvMemHRd72",Wed Aug 01 07:03:02 +0000 2018
@CNN,16,0.4019,0.0,0.886,0.114,North Korea provided only a single dog tag to help identify the 55 cases of remains that were given to US officials‚Ä¶ https://t.co/VipZg5qJjL,Wed Aug 01 06:54:09 +0000 2018
@CNN,17,-0.8555,0.307,0.693,0.0,Dozens of cases believed to hold the remains of American service members killed during the Korean War will soon be‚Ä¶ https://t.co/ObuxAviWID,Wed Aug 01 06:50:58 +0000 2018
@CNN,18,0.4215,0.074,0.781,0.145,"This new book about Ferrari will cost up to $30,000 and be limited to only 1,947 copies -- celebrating Ferrari's fo‚Ä¶ https://t.co/FxZ5Hw385I",Wed Aug 01 06:47:09 +0000 2018
@CNN,19,-0.6486,0.209,0.791,0.0,"There are no deaths from the Aeromexico plane accident, the governor of the state of Durango says. There were 101 p‚Ä¶ https://t.co/GyE47GpqPi",Wed Aug 01 06:40:04 +0000 2018
@CNN,20,-0.5574,0.235,0.765,0.0,"For these victims of ISIS, the conflict isn't over | By Gayle Tzemach Lemmon via @CNNOpinion https://t.co/C1OTC5QFR8 https://t.co/QDjCMao4v5",Wed Aug 01 06:33:03 +0000 2018
@CNN,21,-0.3612,0.128,0.872,0.0,National debt is about to roar back to life as a pressing issue | By Maya MacGuineas via @CNNOpinion‚Ä¶ https://t.co/voXmvL6KNs,Wed Aug 01 06:31:06 +0000 2018
@CNN,22,-0.5423,0.191,0.809,0.0,"As she picks up the pieces of her life, a Carr Fire victim begins with the most basic of items: a pencil‚Ä¶ https://t.co/Tg4n6wwa0e",Wed Aug 01 06:27:06 +0000 2018
@CNN,23,0.7351,0.0,0.708,0.292,Democrats' hopes of winning in the South hinge on the suburbs | Analysis by CNN's Ronald Brownstein‚Ä¶ https://t.co/iNGMxenCOt,Wed Aug 01 06:20:04 +0000 2018
@CNN,24,0.0,0.0,1.0,0.0,Texans can now hitch a ride in this self-driving car as part of a pilot ride-sharing program https://t.co/dt3rPGumBX https://t.co/EsmaBlfs3E,Wed Aug 01 06:16:00 +0000 2018
@CNN,25,0.2716,0.119,0.664,0.218,"A top immigration official said family detention centers are ""more like summer camp"" than a jail during a congressi‚Ä¶ https://t.co/ZtxGj4Tn3Q",Wed Aug 01 06:13:05 +0000 2018
@CNN,26,-0.5574,0.17,0.78,0.05,One of Australia's largest hotel chains has been fined $2.2 million for trying to prevent negative TripAdvisor revi‚Ä¶ https://t.co/d4HVJveVB3,Wed Aug 01 06:06:06 +0000 2018
@CNN,27,-0.3291,0.135,0.865,0.0,"This mother's terrifying journey should be over, but it's not | By Clara Long via @CNNOpinion https://t.co/gc8x9dP41x",Wed Aug 01 05:59:05 +0000 2018
@CNN,28,-0.128,0.081,0.919,0.0,The NBA becomes the first American pro league to strike a deal with a casino and sports book operator‚Ä¶ https://t.co/R34D81gcB5,Wed Aug 01 05:52:05 +0000 2018
@CNN,29,0.0,0.0,1.0,0.0,"President Trump says American farmers getting hit by tariffs ""can take it,"" speaking to a crowd at a Florida rally‚Ä¶ https://t.co/QYVMLgzESp",Wed Aug 01 05:46:00 +0000 2018
@CNN,30,0.0,0.0,1.0,0.0,The $4.5 trillion experiment that's rattling markets https://t.co/bOQHhp3D8s https://t.co/eqVa9UWMVR,Wed Aug 01 05:45:04 +0000 2018
@CNN,31,-0.34,0.226,0.645,0.129,An online college textbook says Holocaust victims failed to tap into their strength. It's required reading for near‚Ä¶ https://t.co/j2yj3rbSr8,Wed Aug 01 05:38:07 +0000 2018
@CNN,32,0.7096,0.0,0.753,0.247,"If you ever encounter a fast-moving wildfire, the choices you make could help save your life. Here's what experts s‚Ä¶ https://t.co/TD0Uz4KnUn",Wed Aug 01 05:31:07 +0000 2018
@CNN,33,0.7579,0.0,0.723,0.277,Jennifer Lopez will receive The Michael Jackson Video Vanguard Award at the MTV Video Music Awards next month‚Ä¶ https://t.co/lUzRsSVFEN,Wed Aug 01 05:24:03 +0000 2018
@CNN,34,0.34,0.0,0.854,0.146,Department of Homeland Security Secretary Kirstjen Nielsen announces new efforts to defend against cyberattacks‚Ä¶ https://t.co/zIlJJ0LJ5Y,Wed Aug 01 05:16:06 +0000 2018
@CNN,35,0.5859,0.0,0.769,0.231,"Wearing rubber boots and a red dress, 2-year-old Gracie Lutz thanked her local responders by delivering warm burrit‚Ä¶ https://t.co/9yyHANqih4",Wed Aug 01 05:16:00 +0000 2018
@CNN,36,0.0,0.0,1.0,0.0,Huawei has Apple to become the world's second largest smartphone seller https://t.co/u0pJ54w17d,Wed Aug 01 05:13:08 +0000 2018
@CNN,37,-0.128,0.13,0.87,0.0,MoviePass is raising its price and cutting access to blockbusters https://t.co/7JaOadwDx0,Wed Aug 01 05:09:05 +0000 2018
@CNN,38,-0.25,0.1,0.9,0.0,The town of Blandford in western Massachusetts has been left without a police force after all four officers resigned https://t.co/va2Fo4sNBX,Wed Aug 01 05:01:07 +0000 2018
@CNN,39,-0.5106,0.202,0.798,0.0,A man cheated with someone else's wife and now it'll cost him $8.8 million https://t.co/A80lr5DeK6,Wed Aug 01 05:01:06 +0000 2018
@CNN,40,0.0,0.0,1.0,0.0,Americans invested a lot more money overseas in 2017. Especially in Switzerland. https://t.co/tdg5kXxMtz https://t.co/cIg16CzsbE,Wed Aug 01 04:54:06 +0000 2018
@CNN,41,0.296,0.0,0.901,0.099,"Health alert issued for more than two dozen salad and wrap products available in Kroger, Trader Joe's &amp; Walgreens o‚Ä¶ https://t.co/AWwNKbT3N2",Wed Aug 01 04:48:35 +0000 2018
@CNN,42,-0.6774,0.354,0.646,0.0,Judge orders government to stop drugging detained migrant children without consent at Texas facility https://t.co/3TNYDQdaXw,Wed Aug 01 04:47:07 +0000 2018
@CNN,43,0.0,0.0,1.0,0.0,"For the first time ever, Barbie is wearing a hijab. The new doll is modeled after Olympic fencer Ibtihaj Muhammad a‚Ä¶ https://t.co/BTuLpGLvdA",Wed Aug 01 04:46:00 +0000 2018
@CNN,44,0.0,0.0,1.0,0.0,"Facebook says it has removed a network of accounts and pages involved in what it called ""coordinated inauthentic be‚Ä¶ https://t.co/jl9cZ5XkZu",Wed Aug 01 04:40:02 +0000 2018
@CNN,45,-0.1779,0.096,0.904,0.0,Police are investigating a South Korean company that claimed to have discovered a sunken Russian warship with $8.9‚Ä¶ https://t.co/nNH0YVUj4u,Wed Aug 01 04:33:05 +0000 2018
@CNN,46,0.0,0.0,1.0,0.0,"The company that just unveiled a $2 million electric car makes one for $11,000, too https://t.co/Tlw4UhMgNi",Wed Aug 01 04:26:02 +0000 2018
@CNN,47,-0.7579,0.351,0.649,0.0,How President Trump's abortion gag rule policy impacts the global AIDS crisis https://t.co/uAaFU1Orgh https://t.co/QYXB3AzJLT,Wed Aug 01 04:19:03 +0000 2018
@CNN,48,0.0,0.0,1.0,0.0,A 10-year-old named Clark Kent just beat a record that Michael Phelps held for 23 years https://t.co/h8fec1Vh3S https://t.co/tJ3oy093AM,Wed Aug 01 04:16:00 +0000 2018
@CNN,49,0.0,0.0,1.0,0.0,Their meningitis symptoms had an unusual cause: A rat lungworm infection from eating raw centipedes https://t.co/TsjMPqT3Vo,Wed Aug 01 04:14:44 +0000 2018
@CNN,50,0.0,0.0,1.0,0.0,Alan Alda reveals he has Parkinson's disease https://t.co/hZMiud3dko https://t.co/mYISgDKqWp,Wed Aug 01 04:11:05 +0000 2018
@CNN,51,-0.4588,0.3,0.7,0.0,France has banned smartphones from schools https://t.co/B28nptFF83 https://t.co/sloZcxUUqB,Wed Aug 01 04:04:04 +0000 2018
@CNN,52,0.5106,0.0,0.837,0.163,From free uniforms and transportation to college tuition guaranteed for all graduates. LeBron James takes CNN's Don‚Ä¶ https://t.co/XLg5ZGpqMB,Wed Aug 01 04:01:00 +0000 2018
@CNN,53,0.0,0.0,1.0,0.0,"This $8.2 million mansion and its four acres of land could be yours for just $17. Of course, there's a catch: You'l‚Ä¶ https://t.co/Z2lSMeQpS2",Wed Aug 01 03:57:04 +0000 2018
@CNN,54,-0.296,0.104,0.896,0.0,"Zaatari Refugee Camp is no longer the desolate, foreboding place it once was. Residents have transformed it into a‚Ä¶ https://t.co/lqEYZFhQMH",Wed Aug 01 03:50:08 +0000 2018
@CNN,55,0.0,0.0,1.0,0.0,New EPA rule would force people to choose between privacy and health | By Devon Hall via @CNNOpinion‚Ä¶ https://t.co/EpP7WUDnj9,Wed Aug 01 03:46:06 +0000 2018
@CNN,56,0.6369,0.0,0.606,0.394,Airport security might be about to get a lot easier https://t.co/1DF1ilfob1,Wed Aug 01 03:43:02 +0000 2018
@CNN,57,0.0,0.0,1.0,0.0,"A Florida woman says ambulance workers wouldn't take her daughter to the hospital, assuming the family couldn't aff‚Ä¶ https://t.co/hxgyse9nZ5",Wed Aug 01 03:37:05 +0000 2018
@CNN,58,0.6249,0.0,0.638,0.362,This app works like Tinder -- for female friendships https://t.co/xkc3P6rjjC https://t.co/2FHDHWqCBs,Wed Aug 01 03:31:03 +0000 2018
@CNN,59,0.0,0.0,1.0,0.0,A 7-year-old girl got New Zealand to change a sexist road sign https://t.co/0UZB250suQ https://t.co/EOe0aEJlym,Wed Aug 01 03:30:05 +0000 2018
@CNN,60,0.0,0.0,1.0,0.0,The world's largest colony of king penguins has shrunk by almost 90% in the last three decades‚Ä¶ https://t.co/XbnDShwyaT,Wed Aug 01 03:23:03 +0000 2018
@CNN,61,0.4019,0.0,0.828,0.172,How Mormon pop stars are using their music to support LGBT issues https://t.co/LG2jYRAsF2 https://t.co/jOSCMJ9S8F,Wed Aug 01 03:16:07 +0000 2018
@CNN,62,0.0,0.0,1.0,0.0,"Scientists have discovered a rare dolphin-whale hybrid off the coast of Kauai, Hawaii https://t.co/k0rfVTn2sw https://t.co/GHYWRMi7U9",Wed Aug 01 03:09:41 +0000 2018
@CNN,63,0.431,0.0,0.881,0.119,"""Maybe the reason collusion isn't a crime is, in large part, because that word is not in the federal code book and‚Ä¶ https://t.co/LQacNCjjSv",Wed Aug 01 03:01:05 +0000 2018
@CNN,64,0.4019,0.0,0.886,0.114,North Korea provided only a single dog tag to help identify the 55 cases of remains that were given to US officials‚Ä¶ https://t.co/HNvMhore0u,Wed Aug 01 02:59:15 +0000 2018
@CNN,65,-0.4019,0.124,0.876,0.0,"RT @CuomoPrimeTime: CNN's @ChrisCuomo says the Trump administration knew it was heading down a ""reckless path of inhumanity"" when they impl‚Ä¶",Wed Aug 01 02:58:08 +0000 2018
@CNN,66,0.0,0.0,1.0,0.0,"RT @CuomoPrimeTime: ""What we're looking at is protecting Second Amendment rights in the future by using First Amendment rights to do so."" -‚Ä¶",Wed Aug 01 02:57:59 +0000 2018
@CNN,67,0.0,0.0,1.0,0.0,The disappearing White House press briefing | Analysis by @CillizzaCNN https://t.co/uMhLw1e9LL https://t.co/NWLMqFlEhb,Wed Aug 01 02:46:06 +0000 2018
@CNN,68,0.0,0.0,1.0,0.0,Subscription service MoviePass is raising the price of its standard plan from $10 to $14.95 per month. Is it too li‚Ä¶ https://t.co/jwJVGH7qyb,Wed Aug 01 02:44:29 +0000 2018
@CNN,69,0.1139,0.058,0.866,0.076,"RT @CuomoPrimeTime: ""Collusion is not a crime. Sure, by name. But the behavior of collusion can get you in a lot of deep water."" - CNN's @C‚Ä¶",Wed Aug 01 02:32:40 +0000 2018
@CNN,70,0.0,0.0,1.0,0.0,Texans can now hitch a ride in this self-driving car as part of a pilot ride-sharing program https://t.co/dt3rPGumBX https://t.co/5UdKqPNGMl,Wed Aug 01 02:30:00 +0000 2018
@CNN,71,0.0,0.0,1.0,0.0,Blumenthal on hearing testimony about child separations: One career official said it was the result of a deliberate‚Ä¶ https://t.co/XNA8OWZxgj,Wed Aug 01 02:16:00 +0000 2018
@CNN,72,-0.2732,0.091,0.909,0.0,"""There is an unexplainable amount of grief in our city, but also an unexplainable amount of love."" In the midst of‚Ä¶ https://t.co/S4RbQJqQnJ",Wed Aug 01 02:01:08 +0000 2018
@CNN,73,0.5859,0.0,0.78,0.22,"Dwayne ""The Rock"" Johnson surprised his cousin and longtime stunt double, Tanaoi Reed, with a gift that brought him‚Ä¶ https://t.co/H0v3mpXlaF",Wed Aug 01 01:51:56 +0000 2018
@CNN,74,0.0,0.0,1.0,0.0,"Move over Macron, there's a new bromance at the White House | By Nic Robertson via @CNNOpinion‚Ä¶ https://t.co/7DeM6HJtsh",Wed Aug 01 01:42:17 +0000 2018
@CNN,75,0.0,0.0,1.0,0.0,"RT @CuomoPrimeTime: ""While I'm not using the specific word, 'collusion.' I will remind you, what the whole Mueller investigation is about i‚Ä¶",Wed Aug 01 01:39:29 +0000 2018
@CNN,76,0.0,0.0,1.0,0.0,The Trump Tower meeting: A timeline https://t.co/eb7w6RWAXR https://t.co/sIbEtLDz2k,Wed Aug 01 01:36:45 +0000 2018
@CNN,77,0.0,0.0,1.0,0.0,"A child's brain repaired itself after a full third of the right hemisphere was surgically removed, rewiring itself‚Ä¶ https://t.co/dzNiE8u66k",Wed Aug 01 01:29:55 +0000 2018
@CNN,78,0.0258,0.0,0.936,0.064,Trump isn't everything in the midterms. Local factors will matter too | Analysis by CNN's Harry Enten‚Ä¶ https://t.co/g9lWZqu5so,Wed Aug 01 01:25:58 +0000 2018
@CNN,79,0.0,0.0,1.0,0.0,Here are key takeaways from day one of the Paul Manafort trial https://t.co/n0inEPvxnH https://t.co/pm600uuGfi,Wed Aug 01 01:17:37 +0000 2018
@CNN,80,0.7506,0.094,0.59,0.316,"RT @AC360: ""Trump is a brilliant entertainer ... by allowing ourselves to be constantly entertained, we lose sight of fundamental ethics, v‚Ä¶",Wed Aug 01 01:16:52 +0000 2018
@CNN,81,0.0,0.0,1.0,0.0,When Sen. Richard Blumenthal asked several Trump administration officials whether they thought the ‚Äúzero tolerance‚Äù‚Ä¶ https://t.co/50wFS1nasU,Wed Aug 01 01:14:38 +0000 2018
@CNN,82,-0.4939,0.127,0.873,0.0,"RT @AC360: ""If anyone posts this information online, they are in violation of federal law"" - Attorney General Bob Ferguson, who sued the Tr‚Ä¶",Wed Aug 01 01:04:57 +0000 2018
@CNN,83,0.0,0.0,1.0,0.0,"The Trump administration plans to raise pending tariffs on $200 billion in Chinese goods to 25% from 10%, a source‚Ä¶ https://t.co/iLLOium53G",Wed Aug 01 01:03:41 +0000 2018
@CNN,84,0.0,0.0,1.0,0.0,"RT @AC360: They ""weren't particularly close ... these were not two men who could grab dinner, would grab lunches."" - Fmr. Trump strategist‚Ä¶",Wed Aug 01 00:53:55 +0000 2018
@CNN,85,0.0,0.0,1.0,0.0,"President Trump says American farmers getting hit by tariffs ""can take it,"" speaking to a crowd at a Florida rally‚Ä¶ https://t.co/SO418uYC3R",Wed Aug 01 00:53:28 +0000 2018
@CNN,86,0.4404,0.0,0.854,0.146,"President Trump, telling his supporters why he wanted Americans to be required to show identification before castin‚Ä¶ https://t.co/5e90v248vj",Wed Aug 01 00:41:03 +0000 2018
@CNN,87,0.0,0.0,1.0,0.0,"President Donald Trump riffed on acting presidential and Abe Lincoln during a campaign rally in Tampa, Florida‚Ä¶ https://t.co/TZVX5OKf2y",Wed Aug 01 00:22:50 +0000 2018
@CNN,88,0.0,0.0,1.0,0.0,"President Trump says American farmers getting hit by tariffs ""can take it,"" speaking to a crowd at a Florida rally‚Ä¶ https://t.co/zszzQGTahK",Tue Jul 31 23:57:35 +0000 2018
@CNN,89,0.0,0.0,1.0,0.0,The founder of a website containing plans for 3D-printable guns says downloads are disabled until he sees a federal‚Ä¶ https://t.co/dsd2L0AJWN,Tue Jul 31 23:43:07 +0000 2018
@CNN,90,0.2716,0.0,0.913,0.087,"RT @OutFrontCNN: ""Even if he cooperated with authorities he was still looking at a very substantial amount of time...at his age, he may hav‚Ä¶",Tue Jul 31 23:37:40 +0000 2018
@CNN,91,-0.3818,0.148,0.852,0.0,BREAKING: A federal judge just issued a temporary restraining order blocking the government from allowing the distr‚Ä¶ https://t.co/3P5bJY54kM,Tue Jul 31 23:35:18 +0000 2018
@CNN,92,0.5267,0.0,0.764,0.236,"Why men get the ""glamour work"" assignments more than women https://t.co/usAlbJlz8A https://t.co/YyDAp8tmk5",Tue Jul 31 23:31:06 +0000 2018
@CNN,93,0.6249,0.0,0.785,0.215,"President Trump holds a ""Make America Great Again"" rally in Tampa, Florida. Watch live: https://t.co/YsWrL0CzbD

Fo‚Ä¶ https://t.co/Ird84SvDoB",Tue Jul 31 23:14:01 +0000 2018
@CNN,94,0.4019,0.0,0.886,0.114,North Korea provided only a single dog tag to help identify the 55 cases of remains that were given to US officials‚Ä¶ https://t.co/YpWBFVQDEc,Tue Jul 31 23:11:05 +0000 2018
@CNN,95,0.0,0.0,1.0,0.0,The secret Donald Trump and Rudy Giuliani know about the Russia probe | Analysis by @CillizzaCNN‚Ä¶ https://t.co/8Xv3BAsl9w,Tue Jul 31 23:01:05 +0000 2018
@CNN,96,0.4215,0.074,0.781,0.145,"This new book about Ferrari will cost up to $30,000 and be limited to only 1,947 copies -- celebrating Ferrari's fo‚Ä¶ https://t.co/iB9b2eno8M",Tue Jul 31 22:52:16 +0000 2018
@CNN,97,0.0,0.0,1.0,0.0,RT @CNNSitRoom: Blumenthal on hearing testimony about the child separations: One career official said that it was the result of a deliberat‚Ä¶,Tue Jul 31 22:49:22 +0000 2018
@CNN,98,-0.3612,0.111,0.889,0.0,"After months of turmoil and speculation, MoviePass appears to be on its last legs. 

So what's next for the service‚Ä¶ https://t.co/UnqOqxQbFL",Tue Jul 31 22:48:26 +0000 2018
@CNN,99,-0.6486,0.209,0.791,0.0,"There are no deaths from the Aeromexico plane accident, the governor of the state of Durango says. There were 101 p‚Ä¶ https://t.co/QiqGHEAAoH",Tue Jul 31 22:45:14 +0000 2018
@CNN,100,0.5574,0.0,0.783,0.217,"In private, Supreme Court nominee Brett Kavanaugh hints at views on Mueller https://t.co/28zxPh7Kqm https://t.co/5GFm4SoE4I",Tue Jul 31 22:42:19 +0000 2018
@CNN,101,0.5719,0.0,0.773,0.227,Parkland shooting survivor @davidhogg111 joins @andersoncooper on #fullcircle tonight to talk 3D guns. Join us on F‚Ä¶ https://t.co/6dac8fQwQt,Tue Jul 31 22:35:57 +0000 2018
@FoxNews,2,-0.1779,0.197,0.669,0.134,A @PGE4Me truck was proudly flying an American flag while going to homes damaged by the massive Carr Fire in Califo‚Ä¶ https://t.co/9txktXrAvW,Wed Aug 01 08:38:00 +0000 2018
@FoxNews,3,0.0,0.0,1.0,0.0,".@SenJoniErnst: ‚ÄúWe would rather not see a government shutdown, but I do think that the president needs to be heard‚Ä¶ https://t.co/jc8H61dIH2",Wed Aug 01 08:30:00 +0000 2018
@FoxNews,4,-0.7845,0.434,0.566,0.0,Brian Terry murder suspect extradited to the US from Mexico https://t.co/yuLP7lo6iH,Wed Aug 01 08:23:00 +0000 2018
@FoxNews,5,-0.5423,0.36,0.64,0.0,Toddler Gives Breakfast to California Firefighters Battling Carr Fire https://t.co/NeqDOpCRaK,Wed Aug 01 08:15:00 +0000 2018
@FoxNews,6,-0.0516,0.091,0.909,0.0,.@SecNielsen touted the need for a border wall during an appearance on @FoxBusiness. https://t.co/9iUsPnWvQU,Wed Aug 01 08:07:00 +0000 2018
@FoxNews,7,0.4404,0.0,0.775,0.225,".@RonDeSantisFL: ""We have the strongest economy we've had in years."" https://t.co/mAzEv9tWZY",Wed Aug 01 08:00:00 +0000 2018
@FoxNews,8,-0.5719,0.281,0.719,0.0,Dozens who lost homes in Carr Fire still report to work at hospital https://t.co/6PebZMhiZL,Wed Aug 01 07:53:00 +0000 2018
@FoxNews,9,0.6249,0.0,0.769,0.231,".@IngrahamAngle: ""If the Democratic Party gains majorities in either house of Congress, what are they going to do?‚Ä¶ https://t.co/Ea9noqeQKL",Wed Aug 01 07:45:00 +0000 2018
@FoxNews,10,0.0,0.0,1.0,0.0,"Trump asks John Kelly to stay as chief of staff through 2020, sources say https://t.co/I3kDBtt8yj",Wed Aug 01 07:38:00 +0000 2018
@FoxNews,11,-0.3947,0.158,0.754,0.088,".@AlanDersh on Paul Manafort and his trial: ""Well it's very simple, his crime is being associated with Donald Trump‚Ä¶ https://t.co/mRBq1tDdpp",Wed Aug 01 07:30:00 +0000 2018
@FoxNews,12,0.0,0.0,1.0,0.0,"Trump inherited 'cyber-crisis' from Obama, @VP Pence says at cybersecurity summit https://t.co/GcmxwlKWqz",Wed Aug 01 07:23:00 +0000 2018
@FoxNews,13,0.3612,0.0,0.872,0.128,".@POTUS: ""We're setting records like never before. Since the election, we have added 3.7 million new jobs."" https://t.co/Pn3N6ojb2a",Wed Aug 01 07:15:00 +0000 2018
@FoxNews,14,-0.5267,0.268,0.732,0.0,"Dem governor flees to $7M Italian vacation home as political, personal problems mount https://t.co/m3tiERiLnQ",Wed Aug 01 07:07:00 +0000 2018
@FoxNews,15,0.0772,0.0,0.933,0.067,".@SecNielsen on migrant children not reunited with families: ""The reason that that number is remaining is either be‚Ä¶ https://t.co/WFUNFOlf2U",Wed Aug 01 07:00:01 +0000 2018
@FoxNews,16,-0.4939,0.176,0.824,0.0,"OPINION: If ObamaCare is an economic time bomb, Medicare for All would be a nuclear explosion https://t.co/b5t0zZAB4O",Wed Aug 01 06:53:00 +0000 2018
@FoxNews,17,0.7184,0.0,0.667,0.333,".@IngrahamAngle: ""The president promised you peace and prosperity, and that's what he delivered."" https://t.co/pci7XTcUxK",Wed Aug 01 06:45:00 +0000 2018
@FoxNews,18,-0.5719,0.343,0.657,0.0,Illegal immigrant deported 5 times from US sentenced for third DUI https://t.co/L8sj5cxajJ,Wed Aug 01 06:38:00 +0000 2018
@FoxNews,19,0.0772,0.0,0.942,0.058,".@POTUS: ""Just last week, it was announced that the U.S. economy grew at 4.1% last quarter. It was a number that ev‚Ä¶ https://t.co/QmsnONX6Te",Wed Aug 01 06:30:00 +0000 2018
@FoxNews,20,0.0,0.0,1.0,0.0,"Indiana woman quilts American flag for @POTUS, wants to get it to @WhiteHouse https://t.co/dVxfXyC3u5",Wed Aug 01 06:23:00 +0000 2018
@FoxNews,21,0.1531,0.096,0.78,0.124,A little girl in Northern California is doing what she can to help firefighters battling the deadly Carr Fire.‚Ä¶ https://t.co/WX5wMIQqY2,Wed Aug 01 06:15:00 +0000 2018
@FoxNews,22,0.7579,0.057,0.622,0.321,"During a ""Make America Great Again"" rally in Tampa, Florida, President @realDonaldTrump touted economic growth and‚Ä¶ https://t.co/UiJNIc6Fyh",Wed Aug 01 06:07:00 +0000 2018
@FoxNews,23,-0.7269,0.249,0.7,0.051,"""This system is broken. It needs to be fixed.""

Alice Marie Johnson, the woman whose prison sentence was commuted b‚Ä¶ https://t.co/t9RQ3Vyemx",Wed Aug 01 06:00:00 +0000 2018
@FoxNews,24,0.1725,0.124,0.711,0.165,"OPINION: Most Americans agree with Trump, not Cohen ‚Äì Taping clients 'smacks of trickery' https://t.co/uNaGyxtgOH",Wed Aug 01 05:53:00 +0000 2018
@FoxNews,25,0.8074,0.0,0.49,0.51,".@POTUS: ""Everybody loves Melania... She's doing a fantastic job."" https://t.co/FzLRTQpNoa",Wed Aug 01 05:45:00 +0000 2018
@FoxNews,26,0.0,0.0,1.0,0.0,"During an appearance on ‚ÄúJimmy Kimmel Live,‚Äù Kim Kardashian West discussed President @realDonaldTrump and his decis‚Ä¶ https://t.co/XzZzBWa5TP",Wed Aug 01 05:38:00 +0000 2018
@FoxNews,27,0.0,0.0,1.0,0.0,Stuart Varney: ‚ÄúPresident Trump has directly reversed the economic policies of President Obama.‚Äù https://t.co/SN8eUVBIH1,Wed Aug 01 05:30:00 +0000 2018
@FoxNews,28,-0.25,0.143,0.857,0.0,Democrat who resigned after masturbation allegation may be planning political comeback: report https://t.co/o29V4ZMrvT,Wed Aug 01 05:23:00 +0000 2018
@FoxNews,29,0.4019,0.136,0.617,0.247,"""This country is a country of second chances. I love America.""

Alice Marie Johnson, the woman whose prison sentenc‚Ä¶ https://t.co/g5V0w6CtO0",Wed Aug 01 05:15:00 +0000 2018
@FoxNews,30,0.5106,0.0,0.837,0.163,A highway patrol officer has become an internet sensation after he helped rescue a month-old fawn from a Northern C‚Ä¶ https://t.co/1qnOJ6nb7K,Wed Aug 01 05:07:00 +0000 2018
@FoxNews,31,0.6249,0.0,0.76,0.24,".@POTUS: ""'Make America Great Again' only to be replaced by 'Keep America Great.'"" https://t.co/lKhHpLlyRN",Wed Aug 01 05:00:00 +0000 2018
@FoxNews,32,-0.4019,0.291,0.709,0.0,ICE agents accuse Oregon mayor of abetting 'Abolish ICE' protesters https://t.co/7AbfV06I4q,Wed Aug 01 04:53:00 +0000 2018
@FoxNews,33,-0.6597,0.231,0.769,0.0,"Jay Sekulow: ‚ÄúThere‚Äôs no violation of law, statute, rule or regulation that we have seen after reviewing this case‚Ä¶ https://t.co/TYOi2JgB1Z",Wed Aug 01 04:45:00 +0000 2018
@FoxNews,34,-0.3182,0.161,0.839,0.0,Painting of Trump team 'Crossing the Swamp' touches off social media frenzy https://t.co/mNdVGXOCYE,Wed Aug 01 04:38:00 +0000 2018
@FoxNews,35,0.7391,0.0,0.642,0.358,".@RonDeSantisFL: ""I appreciate your support, Mr. President, but I appreciate more the leadership you're showing for‚Ä¶ https://t.co/ZTvuDGVrIa",Wed Aug 01 04:30:00 +0000 2018
@FoxNews,36,0.4215,0.0,0.823,0.177,".@POTUS: ""It's a lot easier to act presidential than to do what I do."" https://t.co/burknDjFPr https://t.co/Azmvqg9r6N",Wed Aug 01 04:23:00 +0000 2018
@FoxNews,37,0.2732,0.0,0.861,0.139,Pittsburgh dad worked three jobs to surprise teen daughter with 'dream' dress https://t.co/GJNUiK34IE https://t.co/2FmL2faGOT,Wed Aug 01 04:15:00 +0000 2018
@FoxNews,38,0.0772,0.0,0.929,0.071,"Alice Marie Johnson, the woman whose life sentence was commuted by President @realDonaldTrump last month, called Am‚Ä¶ https://t.co/ln5L04UwL1",Wed Aug 01 04:08:00 +0000 2018
@FoxNews,39,0.6588,0.0,0.761,0.239,"The crowd chants 'USA!' during the ""Make America Great Again"" rally in Tampa, Florida. https://t.co/7F3cps7agK",Wed Aug 01 04:01:00 +0000 2018
@FoxNews,40,-0.34,0.167,0.833,0.0,Texas mall robbery suspects ID'd as Mexican nationals in US illegally https://t.co/XNkImFZLQG https://t.co/8uU9u3dQEh,Wed Aug 01 03:56:46 +0000 2018
@FoxNews,41,-0.5106,0.264,0.736,0.0,Federal judge blocks release of 3D-printed gun plans for the time being https://t.co/i9lIfpnYhM https://t.co/AOTRq5K1Vl,Wed Aug 01 03:52:05 +0000 2018
@FoxNews,42,0.204,0.091,0.78,0.128,".@GiannoCaldwell: ""People feel a bit more anxiety and angst when it comes to their safety in Chicago...The mayor ha‚Ä¶ https://t.co/4lRSulzkHG",Wed Aug 01 03:45:13 +0000 2018
@FoxNews,43,-0.4404,0.281,0.719,0.0,Chicago activists demand Rahm Emanuel resign ahead of anti-violence rally https://t.co/a6WKrvtVow https://t.co/H5cpktIvk3,Wed Aug 01 03:38:36 +0000 2018
@FoxNews,44,-0.7783,0.327,0.673,0.0,"Orcas pass around calf's body in mourning ritual one week after its death, report says https://t.co/3u7XBY9zXI",Wed Aug 01 03:30:00 +0000 2018
@FoxNews,45,0.0,0.0,1.0,0.0,".@GOPLeader Kevin McCarthy: ""We have put money into the wall, we are currently building the wall, but we have to fi‚Ä¶ https://t.co/Ktzb5JtO1R",Wed Aug 01 03:22:00 +0000 2018
@FoxNews,46,-0.6808,0.28,0.72,0.0,".@RepDeSantis on his controversial political ad: ""People who are getting upset about it, they have no sense of humo‚Ä¶ https://t.co/uj7KXpX5MO",Wed Aug 01 03:15:00 +0000 2018
@FoxNews,47,0.6908,0.0,0.749,0.251,".@IngrahamAngle: ""Thanks to Trump, we can now as a nation have a real conversation, and a debate would be nice, abo‚Ä¶ https://t.co/Bvus5FUnpf",Wed Aug 01 03:09:00 +0000 2018
@FoxNews,48,0.7184,0.0,0.667,0.333,".@IngrahamAngle: ""The president promised you peace and prosperity, and that's what he delivered."" https://t.co/8vXx0FzjLH",Wed Aug 01 03:03:41 +0000 2018
@FoxNews,49,0.6249,0.0,0.769,0.231,".@IngrahamAngle: ""If the Democratic Party gains majorities in either house of Congress, what are they going to do?‚Ä¶ https://t.co/z2iH7Y0ya2",Wed Aug 01 02:59:12 +0000 2018
@FoxNews,50,0.7003,0.0,0.746,0.254,"Alice Marie Johnson calls America 'country of second chances,' hopeful Trump will 'follow up' with cases like hers. https://t.co/Ts1jXm0Q74",Wed Aug 01 02:52:15 +0000 2018
@FoxNews,51,-0.5574,0.175,0.825,0.0,Driver who was caught swerving a contractor van to purposely hit puddles and soak pedestrians has been fired. https://t.co/ML3GcKklnZ,Wed Aug 01 02:43:03 +0000 2018
@FoxNews,52,-0.6486,0.31,0.69,0.0,The future of lethal injection is in doubt as critics and drug makers rebel against it. https://t.co/ylX2jl8o0P,Wed Aug 01 02:26:11 +0000 2018
@FoxNews,53,0.4019,0.136,0.617,0.247,"""This country is a country of second chances. I love America.""

Alice Marie Johnson, the woman whose prison sentenc‚Ä¶ https://t.co/362fCPneXw",Wed Aug 01 02:15:51 +0000 2018
@FoxNews,54,-0.7269,0.249,0.7,0.051,"""This system is broken. It needs to be fixed.""

Alice Marie Johnson, the woman whose prison sentence was commuted b‚Ä¶ https://t.co/nqIy769dZc",Wed Aug 01 02:06:29 +0000 2018
@FoxNews,55,0.34,0.0,0.833,0.167,"Young girl finds needle in West Virginia McDonald‚Äôs play area, nicks finger https://t.co/31pBXG30k9",Wed Aug 01 02:00:01 +0000 2018
@FoxNews,56,0.0,0.0,1.0,0.0,"On Monday, former President @BarackObama and Vice President @JoeBiden grabbed lunch together at Dog Tag Bakery, a W‚Ä¶ https://t.co/RynDfAHK5K",Wed Aug 01 01:52:00 +0000 2018
@FoxNews,57,0.5994,0.084,0.599,0.317,"RT @FoxBusiness: US workers see biggest pay, benefit increase in 10 years  https://t.co/GfNtEuafEB",Wed Aug 01 01:43:59 +0000 2018
@FoxNews,58,-0.5719,0.281,0.719,0.0,Dozens who lost homes in Carr Fire still report to work at hospital https://t.co/6PebZMhiZL,Wed Aug 01 01:36:00 +0000 2018
@FoxNews,59,-0.34,0.179,0.821,0.0,Texas mall robbery suspects ID'd as Mexican nationals in US illegally https://t.co/XNkImFZLQG,Wed Aug 01 01:28:00 +0000 2018
@FoxNews,60,-0.7845,0.434,0.566,0.0,Brian Terry murder suspect extradited to the US from Mexico https://t.co/yuLP7lFHHh,Wed Aug 01 01:20:00 +0000 2018
@FoxNews,61,-0.3947,0.158,0.754,0.088,".@AlanDersh on Paul Manafort and his trial: ""Well it's very simple, his crime is being associated with Donald Trump‚Ä¶ https://t.co/yLJd7nzCoZ",Wed Aug 01 01:14:07 +0000 2018
@FoxNews,62,0.0,0.0,1.0,0.0,".@ByronYork on funding for the border wall: ""The Speaker of the House, who is leaving Congress at the end of this y‚Ä¶ https://t.co/9xgAGikgr0",Wed Aug 01 01:06:54 +0000 2018
@FoxNews,63,0.4215,0.0,0.833,0.167,"Manchester bomber was rescued from Libya years before the @ArianaGrande concert slaughter, reports say. https://t.co/uRVo4rMbFU",Wed Aug 01 00:51:00 +0000 2018
@FoxNews,64,-0.0772,0.126,0.874,0.0,"#CarrFire prompts accidental evacuation of California town, sheriff reveals. https://t.co/Tov3xITOCT",Wed Aug 01 00:46:00 +0000 2018
@FoxNews,65,0.0516,0.118,0.753,0.129,".@POTUS calls for voter ID, teases Iran talks at Florida rally boosting @RepDeSantis and @FLGovScott. https://t.co/yMGYWz7u2U",Wed Aug 01 00:42:01 +0000 2018
@FoxNews,66,-0.5106,0.187,0.739,0.074,"Mueller's team slams Manafort's lavish lifestyle, defense points to ex-colleague Rick Gates as fraud trial begins.‚Ä¶ https://t.co/DFScVX2VVx",Wed Aug 01 00:40:38 +0000 2018
@FoxNews,67,0.0,0.0,1.0,0.0,".@POTUS: ""We will never give up, we will never give in, we will never, ever back down and we will never, ever surre‚Ä¶ https://t.co/e5JMj1bk8R",Wed Aug 01 00:34:53 +0000 2018
@FoxNews,68,0.5423,0.0,0.8,0.2,".@POTUS: ""With every promise we keep, every record we break, every factory we open, we are restoring American stren‚Ä¶ https://t.co/kbwpz4ojuy",Wed Aug 01 00:29:47 +0000 2018
@FoxNews,69,0.4588,0.058,0.796,0.146,".@POTUS: ""Instead of apologizing for America, we're standing up for America. We're standing up for the heroes who p‚Ä¶ https://t.co/lpzonR82Fu",Wed Aug 01 00:27:49 +0000 2018
@FoxNews,70,-0.3612,0.135,0.865,0.0,".@POTUS: ""Our fallen warriors are finally coming home to lay at rest in American soil."" https://t.co/burknDjFPr https://t.co/wfR2238eYi",Wed Aug 01 00:21:53 +0000 2018
@FoxNews,71,0.2724,0.0,0.913,0.087,".@POTUS: ""I think our relationship is very good with Chairman Kim and we'll all see how it all works out, but there‚Ä¶ https://t.co/bNVcxvQ1E3",Wed Aug 01 00:18:54 +0000 2018
@FoxNews,72,0.34,0.0,0.854,0.146,".@POTUS: ""We're going to have tremendous border security that will include the wall."" https://t.co/burknDjFPr https://t.co/rkCRRnBQdq",Wed Aug 01 00:13:30 +0000 2018
@FoxNews,73,0.4215,0.0,0.823,0.177,".@POTUS: ""It's a lot easier to act presidential than to do what I do."" https://t.co/burknDjFPr https://t.co/kkVr9vCnZE",Wed Aug 01 00:07:39 +0000 2018
@FoxNews,74,0.2716,0.0,0.878,0.122,".@POTUS: ""We're also living by two very important rules‚Äî buy American and hire American."" https://t.co/burknDjFPr https://t.co/7vZ9cVxcA9",Wed Aug 01 00:03:06 +0000 2018
@FoxNews,75,0.0,0.0,1.0,0.0,".@POTUS: ""The days of plundering American jobs and American wealth‚Äî those days are over."" https://t.co/burknDjFPr https://t.co/2OAWN42V3I",Wed Aug 01 00:01:48 +0000 2018
@FoxNews,76,0.0,0.0,1.0,0.0,".@POTUS: ""You've seen what happens‚Äî I've kept my promises."" https://t.co/burknDjFPr https://t.co/pmnQxNaA7n",Tue Jul 31 23:57:23 +0000 2018
@FoxNews,77,0.431,0.0,0.845,0.155,".@POTUS: ""The United States was allowed to truly get ripped off. But we're not going to let that happen‚Äî I'm not li‚Ä¶ https://t.co/jPrGkDKPV3",Tue Jul 31 23:56:22 +0000 2018
@FoxNews,78,0.0,0.0,1.0,0.0,".@POTUS: ""After years of rebuilding foreign countries, it's time to finally rebuild our country.""‚Ä¶ https://t.co/d5jLOTkN9e",Tue Jul 31 23:53:04 +0000 2018
@FoxNews,79,0.6705,0.0,0.744,0.256,".@POTUS on meeting world leaders: ""Everyone that greets me says, 'Hello Mr. President, congratulations on what you'‚Ä¶ https://t.co/g5F9odK8lm",Tue Jul 31 23:47:41 +0000 2018
@FoxNews,80,0.4767,0.0,0.659,0.341,".@POTUS: ""America is being respected again."" https://t.co/QCrfY9zg1L",Tue Jul 31 23:45:37 +0000 2018
@FoxNews,81,0.7351,0.0,0.617,0.383,".@POTUS: ""We're in the longest positive job growth streak in history."" https://t.co/VwH5uzSlLZ",Tue Jul 31 23:40:59 +0000 2018
@FoxNews,82,0.3612,0.0,0.872,0.128,".@POTUS: ""We're setting records like never before. Since the election, we have added 3.7 million new jobs."" https://t.co/64xFVsOibH",Tue Jul 31 23:37:48 +0000 2018
@FoxNews,83,0.0772,0.0,0.942,0.058,".@POTUS: ""Just last week, it was announced that the U.S. economy grew at 4.1% last quarter. It was a number that ev‚Ä¶ https://t.co/H4Z5djkb1w",Tue Jul 31 23:34:26 +0000 2018
@FoxNews,84,0.8074,0.0,0.49,0.51,".@POTUS: ""Everybody loves Melania... She's doing a fantastic job."" https://t.co/XmDhVfzKR6",Tue Jul 31 23:31:30 +0000 2018
@FoxNews,85,0.6249,0.0,0.76,0.24,".@POTUS: ""'Make America Great Again' only to be replaced by 'Keep America Great.'"" https://t.co/2F7MJrGpoz",Tue Jul 31 23:28:07 +0000 2018
@FoxNews,86,0.6588,0.0,0.761,0.239,"The crowd chants 'USA!' during the ""Make America Great Again"" rally in Tampa, Florida. https://t.co/RqcwWEUVzy",Tue Jul 31 23:22:09 +0000 2018
@FoxNews,87,0.4404,0.0,0.775,0.225,".@RonDeSantisFL: ""We have the strongest economy we've had in years."" https://t.co/3X37eYTFgA",Tue Jul 31 23:18:46 +0000 2018
@FoxNews,88,0.7391,0.0,0.642,0.358,".@RonDeSantisFL: ""I appreciate your support, Mr. President, but I appreciate more the leadership you're showing for‚Ä¶ https://t.co/9p8GKTWxr1",Tue Jul 31 23:17:42 +0000 2018
@FoxNews,89,0.0,0.0,1.0,0.0,".@CharlesHurt on @POTUS rally: ""This is where Trump is at his best."" #TheStory https://t.co/0F4QhKu340",Tue Jul 31 23:14:37 +0000 2018
@FoxNews,90,0.0,0.0,1.0,0.0,"NOW: @POTUS holds rally in Tampa, FL https://t.co/IVLaZyudYq",Tue Jul 31 23:11:47 +0000 2018
@FoxNews,91,0.6249,0.0,0.709,0.291,".@POTUS holds a ""Make America Great Again"" rally in Tampa, Florida. https://t.co/Z3dmqw65zV",Tue Jul 31 23:07:58 +0000 2018
@FoxNews,92,0.0,0.0,1.0,0.0,AWAITING: @POTUS rally in Florida https://t.co/Mh9Ot5dRBt,Tue Jul 31 23:02:42 +0000 2018
@FoxNews,93,-0.1779,0.197,0.669,0.134,A @PGE4Me truck was proudly flying an American flag while going to homes damaged by the massive Carr Fire in Califo‚Ä¶ https://t.co/QUzg0La7sp,Tue Jul 31 22:54:00 +0000 2018
@FoxNews,94,0.5267,0.0,0.841,0.159,"RT @FoxNewsResearch: ‚Üí Justice Kennedy retired today after serving for 365 months

‚Üí Longest #SCOTUS Tenures:
‚ÄîMonths Served‚Äî
1. Douglas: 4‚Ä¶",Tue Jul 31 22:48:03 +0000 2018
@FoxNews,95,-0.765,0.355,0.645,0.0,"Dry ice left in car leaves 1 dead, 1 in critical condition, according to a report. https://t.co/w2ZMElZXwb",Tue Jul 31 22:47:49 +0000 2018
@FoxNews,96,0.5574,0.0,0.753,0.247,"RT @MikeEmanuelFox: Facebook uncovers sophisticated efforts to disrupt elections - from #SpecialReport:

https://t.co/InR6IwhEym",Tue Jul 31 22:47:21 +0000 2018
@FoxNews,97,-0.2023,0.141,0.859,0.0,Netflix won‚Äôt air documentary on controversial Louis Farrakhan after 'internal miscommunication' https://t.co/Qj8ecNZpRW,Tue Jul 31 22:42:16 +0000 2018
@FoxNews,98,-0.5994,0.329,0.671,0.0,"UPDATE: No deaths reported in Mexico plane crash, Durango governor says. https://t.co/NrqXPrEERW",Tue Jul 31 22:35:11 +0000 2018
@FoxNews,99,0.0,0.0,1.0,0.0,A Mexican airliner has crashed near an airport in the northern state of Durango. @JonathanHunt007 has the latest.‚Ä¶ https://t.co/wXkM1X2TaW,Tue Jul 31 22:28:44 +0000 2018
@FoxNews,100,-0.5106,0.249,0.751,0.0,JUST IN: Federal judge blocks release of 3D-printed gun plans for the time being. https://t.co/UxE7Y1VdCE,Tue Jul 31 22:25:05 +0000 2018
@FoxNews,101,0.0,0.0,1.0,0.0,Officials say they still do not know what happened to 20-year-old Iowa college student Mollie Tibbetts who vanished‚Ä¶ https://t.co/o1OxGp7zp6,Tue Jul 31 22:22:12 +0000 2018
@nytimes,2,0.0,0.0,1.0,0.0,"""The touchpoint with ISIS is not by proximity to the caliphate but through the relationships they make online,"" sai‚Ä¶ https://t.co/VAwrV6KNpQ",Wed Aug 01 08:30:08 +0000 2018
@nytimes,3,-0.5423,0.143,0.857,0.0,"RT @nytimesworld: ‚ÄúI don‚Äôt think the government realizes how bad the drought is,‚Äù one Australian cattle farmer said. ‚ÄúFarmers are past the‚Ä¶",Wed Aug 01 08:15:06 +0000 2018
@nytimes,4,0.0959,0.114,0.759,0.128,"""Among everyone caught up in the #MeToo movement, only Mr. Moonves was so bold ‚Äî or so reckless ‚Äî as to start a civ‚Ä¶ https://t.co/C91XUrI0So",Wed Aug 01 08:02:02 +0000 2018
@nytimes,5,-0.7713,0.268,0.732,0.0,RT @nytopinion: Exploiting my family by having my sister disown me on state television was by far Iran's most ferocious attempt to shame me‚Ä¶,Wed Aug 01 07:47:02 +0000 2018
@nytimes,6,0.5994,0.0,0.813,0.187,"""You started understanding the life of the people, how they lived, what they thought, who they loved"" https://t.co/D64VSN8vlm",Wed Aug 01 07:32:06 +0000 2018
@nytimes,7,0.7845,0.0,0.615,0.385,China‚Äôs Plan to Win Friends and Influence Includes Ski Slopes and Spas https://t.co/xK8ySAhcMY,Wed Aug 01 07:18:31 +0000 2018
@nytimes,8,0.2023,0.0,0.878,0.122,RT @PekingMike: Important story on some pushback against Xi - must read. By ‚Å¶@ChuBailiang‚Å©  https://t.co/FRa3dyxP4Q,Wed Aug 01 07:18:06 +0000 2018
@nytimes,9,0.0258,0.123,0.749,0.128,One Cambodian voter defaced his or her ballot with a lively reference to a dog‚Äôs anatomy. Others ticked every singl‚Ä¶ https://t.co/eJrY025AvH,Wed Aug 01 07:05:06 +0000 2018
@nytimes,10,0.0258,0.093,0.811,0.097,There it was: Glowering red on the dashboard of the sky like an astrological warning light next to the full Blood M‚Ä¶ https://t.co/h16wlMDCnI,Wed Aug 01 06:36:50 +0000 2018
@nytimes,11,-0.1027,0.076,0.924,0.0,"New Jersey, in a first-of-its-kind initiative, has set aside millions to pay for community journalism. ""It‚Äôs one of‚Ä¶ https://t.co/o3Tq6hcRD4",Wed Aug 01 06:19:32 +0000 2018
@nytimes,12,0.4215,0.0,0.887,0.113,RT @nytimesworld: Rumors are swirling in Tehran that secret talks with the United States may already be under way. The foreign minister of‚Ä¶,Wed Aug 01 06:02:05 +0000 2018
@nytimes,13,-0.2732,0.151,0.775,0.074,"News of Laos Dam Failure Didn‚Äôt Reach Them, but the Water Did https://t.co/23TWO65fyh",Wed Aug 01 05:56:33 +0000 2018
@nytimes,14,-0.4019,0.119,0.881,0.0,"Florida has an algae problem, and it‚Äôs big. A toxic bloom in the waters off the state‚Äôs southwestern coast is killi‚Ä¶ https://t.co/jYlp7XXndg",Wed Aug 01 05:36:50 +0000 2018
@nytimes,15,-0.5255,0.193,0.738,0.068,"His mother ran toward him, her heart racing. ""I cried and hugged him ‚Äî but he didn't even care. He stood there froz‚Ä¶ https://t.co/nO4UfYyt5K",Wed Aug 01 05:19:44 +0000 2018
@nytimes,16,0.7096,0.0,0.704,0.296,"RT @nytopinion: Ida B. Wells, anti-lynching champion, finally gets her name on a street in Chicago. https://t.co/ZgF34gZoqc",Wed Aug 01 05:02:05 +0000 2018
@nytimes,17,0.0,0.0,1.0,0.0,An astrophysicist finds even more evidence for climate change on Earth ‚Äî in outer space https://t.co/KlN43UsIg7,Wed Aug 01 04:42:05 +0000 2018
@nytimes,18,0.0,0.0,1.0,0.0,"RT @NYTNational: ‚ö°Ô∏è ‚ÄúScorched Earth and Smoky Sky: What a California Wildfire Leaves Behind‚Äù

https://t.co/egXccw8EkH",Wed Aug 01 04:22:01 +0000 2018
@nytimes,19,0.3182,0.082,0.755,0.164,Mueller Passes 3 Cases Focused on Illicit Foreign Lobbying to Prosecutors in New York https://t.co/8mva7NrkBl,Wed Aug 01 04:20:30 +0000 2018
@nytimes,20,-0.3384,0.162,0.741,0.097,"""This is really frightening if this is the new normal,"" said an energy industry analyst in Norway https://t.co/nMwkPhsTjq",Wed Aug 01 04:07:03 +0000 2018
@nytimes,21,-0.507,0.215,0.785,0.0,"Nationals 25, Mets 4: Mets Endure Most Lopsided Defeat in Franchise History https://t.co/TyukKqbwRD",Wed Aug 01 03:53:29 +0000 2018
@nytimes,22,0.3182,0.0,0.881,0.119,"Aloha Poke Co., which sent cease-and-desist letters to restaurants with similar names, has apologized after being a‚Ä¶ https://t.co/7panJw26ec",Wed Aug 01 03:47:02 +0000 2018
@nytimes,23,0.0,0.0,1.0,0.0,"The remains of a Tuskegee Airman whose plane went down in 1944 have been identified, ending his daughter's quest fo‚Ä¶ https://t.co/oKEJOv2y3S",Wed Aug 01 03:32:03 +0000 2018
@nytimes,24,0.0,0.0,1.0,0.0,RT @NYTFashion: One-piece swimsuits are more stylish anyway! https://t.co/aWY2lGcFnM,Wed Aug 01 03:17:05 +0000 2018
@nytimes,25,-0.3182,0.113,0.887,0.0,"The small town of Blandford, Massachusetts, lost its entire police force when all 4 officers quit, saying their job‚Ä¶ https://t.co/oFancYvdKO",Wed Aug 01 03:02:02 +0000 2018
@nytimes,26,-0.6872,0.271,0.647,0.082,A Florida sheriff defended his decision not to arrest a white shooting suspect who killed an unarmed black man. ‚ÄúI‚Ä¶ https://t.co/6172xMTqXd,Wed Aug 01 02:47:00 +0000 2018
@nytimes,27,0.0,0.0,1.0,0.0,"It has been a bruising time for Billboard, involving allegations of editorial interference and inappropriate behavi‚Ä¶ https://t.co/ss2uVoGjOC",Wed Aug 01 02:32:03 +0000 2018
@nytimes,28,-0.5574,0.135,0.865,0.0,"RT @nytpolitics: Alex Jones, the founder of InfoWars, is seeking over $100,000 in court costs from the parents of Noah Pozner, who died at‚Ä¶",Wed Aug 01 02:17:03 +0000 2018
@nytimes,29,-0.3182,0.103,0.897,0.0,"A giant colony of 500,000 breeding pairs of king penguins has lost 90% of its population since 1982, according to a‚Ä¶ https://t.co/0R7powHbgN",Wed Aug 01 02:02:03 +0000 2018
@nytimes,30,0.2732,0.0,0.89,0.11,"An artist transformed a Chinatown alley into a blocklong asphalt mural, as part of a NYC program to create art-fill‚Ä¶ https://t.co/3VcPPaHxsD",Wed Aug 01 01:47:05 +0000 2018
@nytimes,31,0.4019,0.0,0.886,0.114,New offices are being designed with a focus on the well-being of the people who work in them: ‚ÄúI definitely find my‚Ä¶ https://t.co/8gaAsG70i9,Wed Aug 01 01:32:03 +0000 2018
@nytimes,32,-0.2023,0.079,0.921,0.0,RT @SominiSengupta: A city of empire and jazz and leftist rebels and trees pushing through the moldy old buildings. Now a city at profound‚Ä¶,Wed Aug 01 01:17:05 +0000 2018
@nytimes,33,0.0,0.0,1.0,0.0,Evening Briefing: Here's what you need to know at the end of the day https://t.co/DTKywb0jzZ,Wed Aug 01 01:02:03 +0000 2018
@nytimes,34,-0.2023,0.122,0.878,0.0,Is this the end for MoviePass? Here‚Äôs a timeline of company‚Äôs highs and lows. https://t.co/xh64zQTsx0,Wed Aug 01 00:47:04 +0000 2018
@nytimes,35,-0.7003,0.225,0.775,0.0,The Carr Fire is the largest of 17 wildfires now raging in California. It is heading west after tearing through Red‚Ä¶ https://t.co/Otc1u53Emt,Wed Aug 01 00:32:04 +0000 2018
@nytimes,36,0.1901,0.0,0.837,0.163,"RT @nytimesbooks: BookTube: It's like YouTube, but for readers https://t.co/Dp9GOCjNZN",Wed Aug 01 00:17:04 +0000 2018
@nytimes,37,0.4767,0.0,0.86,0.14,Charles Koch and Donald Trump were never going to be friends. Here's why and how that is unnerving Republicans. https://t.co/pXGNF2Ss9z,Wed Aug 01 00:02:04 +0000 2018
@nytimes,38,0.3612,0.0,0.783,0.217,You shouldn't skip the opening credits. @poniewozik explains why.  https://t.co/FYgA4oXvJY,Tue Jul 31 23:47:02 +0000 2018
@nytimes,39,0.6652,0.0,0.692,0.308,"Aeromexico plane crashes in Mexico, but officials say everyone survived https://t.co/FtQeaCmjaS",Tue Jul 31 23:32:04 +0000 2018
@nytimes,40,-0.8957,0.36,0.64,0.0,"RT @jdelreal: I‚Äôve been here in Redding, CA reporting on the horrific Carr Fire and the devastation it has left behind. There‚Äôs no filter o‚Ä¶",Tue Jul 31 23:17:03 +0000 2018
@nytimes,41,0.0,0.0,1.0,0.0,Evening Briefing: Here's what you need to know at the end of the day https://t.co/GQqBbeDBkS,Tue Jul 31 23:02:01 +0000 2018
@nytimes,42,0.4019,0.0,0.802,0.198,RT @dougmillsnyt: .@realDonaldTrump greets a young supporter as he arrives in Tampa Florida for a MAGA campaign rally. https://t.co/y4Xyzlj‚Ä¶,Tue Jul 31 22:56:04 +0000 2018
@nytimes,43,-0.2732,0.095,0.905,0.0,Breaking News: A plan to post blueprints online for how to make 3-D guns was temporarily blocked by a judge in Seat‚Ä¶ https://t.co/mWTjCK2pco,Tue Jul 31 22:44:45 +0000 2018
@nytimes,44,0.0,0.0,1.0,0.0,"The NBA announced that MGM Resorts International will be the league‚Äôs official gaming partner, the first partnershi‚Ä¶ https://t.co/yFi4bJrZW8",Tue Jul 31 22:32:02 +0000 2018
@nytimes,45,0.6908,0.0,0.778,0.222,"RT @cliffordlevy: Some personal news:
I‚Äôm becoming editor of @nytmetro. I‚Äôm thrilled to have the opportunity to partner with the many aweso‚Ä¶",Tue Jul 31 22:16:05 +0000 2018
@nytimes,46,-0.7579,0.264,0.679,0.057,Paul Manafort used the first day of his tax fraud trial to reveal his defense strategy: blaming his longtime busine‚Ä¶ https://t.co/nrGTWQPBwW,Tue Jul 31 22:02:08 +0000 2018
@nytimes,47,0.1779,0.0,0.931,0.069,"RT @kimseverson: While Amazon and the big stores punch each other in the face, a tiny revolution in grocery shopping is bubbling up in smal‚Ä¶",Tue Jul 31 21:47:07 +0000 2018
@nytimes,48,-0.5106,0.172,0.766,0.062,San Francisco officials want to ban new tech company cafeterias in an effort to revitalize local neighborhoods https://t.co/217l9Kiagr,Tue Jul 31 21:32:04 +0000 2018
@nytimes,49,-0.25,0.087,0.913,0.0,"‚ÄúIt‚Äôs as if the Israeli people simply abandoned us. They say they didn‚Äôt. But according to the clauses of this law,‚Ä¶ https://t.co/AGVOSy4S9f",Tue Jul 31 21:17:01 +0000 2018
@nytimes,50,0.0,0.0,1.0,0.0,"In the Florida governor‚Äôs race, just one issue counts: President Trump. Here‚Äôs how the president and Fox News are t‚Ä¶ https://t.co/MnejyM2pjz",Tue Jul 31 21:00:11 +0000 2018
@nytimes,51,-0.0258,0.058,0.942,0.0,A former fraternity brother of the now-banned Beta Theta Pi chapter at Penn State University was sentenced to three‚Ä¶ https://t.co/Pcdeq9TCBa,Tue Jul 31 20:45:08 +0000 2018
@nytimes,52,0.0,0.0,1.0,0.0,"RT @nytimesarts: Klaus Biesenbach, the director of MoMA PS1, has been chosen to lead @MOCAlosangeles https://t.co/U3o9UL5Dtj",Tue Jul 31 20:31:04 +0000 2018
@nytimes,53,0.0,0.0,1.0,0.0,"President Trump said he‚Äôd be willing to talk to Iran‚Äôs leaders ‚Äúwithout preconditions.‚Äù
Those leaders say Trump can‚Ä¶ https://t.co/gb4tdNU3fV",Tue Jul 31 20:15:10 +0000 2018
@nytimes,54,0.2023,0.0,0.917,0.083,"In March, China voted 2,958 to 2 to abolish a term limit for its top leader Xi Jinping. Now, nearly 5 months later,‚Ä¶ https://t.co/YwVBLsXDYS",Tue Jul 31 20:00:13 +0000 2018
@nytimes,55,0.0,0.0,1.0,0.0,"In an effort to turn away from opioids, doctors are prescribing an injectable drug called Depo-Medrol. What they do‚Ä¶ https://t.co/LX6JfIukn2",Tue Jul 31 19:45:10 +0000 2018
@nytimes,56,0.7783,0.0,0.625,0.375,TripAdvisor and the International Rescue Committee launched a new program ‚Äî¬†Welcome Home ‚Äî¬†to give recently resettl‚Ä¶ https://t.co/SA4fMdI6dO,Tue Jul 31 19:30:12 +0000 2018
@nytimes,57,0.0,0.0,1.0,0.0,"Film Forum, a haven for foreign, indie and classic films, is reopening after a major renovation. 10 filmmakers look‚Ä¶ https://t.co/tJTr8QWKzl",Tue Jul 31 19:15:09 +0000 2018
@nytimes,58,-0.25,0.149,0.746,0.105,Austin is renaming sites that honored Confederate soldiers. But the city is also contending with an uncomfortable t‚Ä¶ https://t.co/QPjeUCSbXs,Tue Jul 31 19:00:07 +0000 2018
@nytimes,59,0.0,0.0,1.0,0.0,"Nearly 70 clergy and lay people, including 3 bishops, are under investigation in Chile for cases involving sexual a‚Ä¶ https://t.co/Ld7UAieiuI",Tue Jul 31 18:45:07 +0000 2018
@nytimes,60,-0.296,0.121,0.879,0.0,"The FDA told companies that offered ""vaginal rejuvenation"" laser treatments to stop marketing the procedure, saying‚Ä¶ https://t.co/nWtseTrRK6",Tue Jul 31 18:30:15 +0000 2018
@nytimes,61,-0.5719,0.188,0.812,0.0,3 people were caught on surveillance video stealing a 16-inch-long horn shark from a Texas aquarium this weekend by‚Ä¶ https://t.co/gMTQDbYuCC,Tue Jul 31 18:15:11 +0000 2018
@nytimes,62,-0.3182,0.103,0.897,0.0,"A giant colony of 500,000 breeding pairs of king penguins has lost 90% of its population since 1982, according to a‚Ä¶ https://t.co/WWg5C2NbUN",Tue Jul 31 18:00:18 +0000 2018
@nytimes,63,0.0,0.0,1.0,0.0,"What you won't hear about at the Paul Manafort trial: Russia, or how jurors voted in 2016 https://t.co/vK8WDKTMWx",Tue Jul 31 17:45:10 +0000 2018
@nytimes,64,0.4588,0.0,0.864,0.136,"RT @halophoenix: Today in Smarter Living, a few strategic upgrades to my tiny apartment bedroom turned it from a near-closet to a relaxing,‚Ä¶",Tue Jul 31 17:30:09 +0000 2018
@nytimes,65,0.25,0.149,0.614,0.237,Workplaces can be weird sometimes. She can help. https://t.co/iAsalvIpjz,Tue Jul 31 17:15:04 +0000 2018
@nytimes,66,-0.2732,0.11,0.89,0.0,"In Opinion

Op-Ed columnist Frank Bruni writes, ""Manafort‚Äôs trial on bank- and tax-fraud charges, stemming from pol‚Ä¶ https://t.co/GZ3LKDmdJP",Tue Jul 31 17:05:08 +0000 2018
@nytimes,67,0.0,0.0,1.0,0.0,"Journalist Bob Woodward, famed for his coverage of Watergate, has a new book: ‚ÄúFear: Trump in the White House,‚Äù abo‚Ä¶ https://t.co/1YNipW8ctf",Tue Jul 31 16:50:03 +0000 2018
@nytimes,68,-0.5859,0.15,0.803,0.047,"RT @RaR: Local news is in crisis across the country, and New Jersey lawmakers want to try something once unthinkable: Putting up taxpayer m‚Ä¶",Tue Jul 31 16:35:04 +0000 2018
@nytimes,69,-0.4767,0.162,0.838,0.0,Breaking News: Facebook identified coordinated efforts using fake accounts to influence the midterm elections on is‚Ä¶ https://t.co/3b1qm1Cykf,Tue Jul 31 16:21:57 +0000 2018
@nytimes,70,0.0,0.0,1.0,0.0,"LeBron James started posting workout videos to Instagram, so now everybody is posting workout videos to Instagram https://t.co/mlnvIeYN7j",Tue Jul 31 16:15:06 +0000 2018
@nytimes,71,0.0,0.0,1.0,0.0,"""We are not going to run out of food ‚Äî this isn't about the return of rationing,"" said the director general of the‚Ä¶ https://t.co/f9mkWoLtwq",Tue Jul 31 16:00:18 +0000 2018
@nytimes,72,0.0,0.0,1.0,0.0,"President Trump and Senate Republicans are stacking federal appeals courts with young, conservative judges who, thr‚Ä¶ https://t.co/qgYI9V1nc3",Tue Jul 31 15:50:05 +0000 2018
@nytimes,73,0.5574,0.0,0.805,0.195,Alda said he revealed he had Parkinson‚Äôs disease to encourage people to take action. ‚ÄúThe reason I want to talk abo‚Ä¶ https://t.co/GkJWcYkXeB,Tue Jul 31 15:39:03 +0000 2018
@nytimes,74,0.0,0.0,1.0,0.0,Alda says he was prompted to ask his doctor for a scan after reading a 2015 New York Times article on Parkinson's d‚Ä¶ https://t.co/5IKSm9jPKP,Tue Jul 31 15:35:00 +0000 2018
@nytimes,75,0.0,0.0,1.0,0.0,‚ÄúM*A*S*H‚Äù actor Alan Alda revealed on CBS ‚ÄúThis Morning‚Äù that he has been living with Parkinson‚Äôs disease for over‚Ä¶ https://t.co/YM3OrHpeF7,Tue Jul 31 15:30:09 +0000 2018
@nytimes,76,0.0,0.0,1.0,0.0,"Police say a Connecticut man used dating apps to hunt women, including a nurse he met through Tinder who was murder‚Ä¶ https://t.co/0urSPaHbVx",Tue Jul 31 15:15:05 +0000 2018
@nytimes,77,0.4019,0.0,0.876,0.124,"RT @nytimesworld: As British courts shifted their position on ending life support for patients in a persistent vegetative state, one campai‚Ä¶",Tue Jul 31 15:00:14 +0000 2018
@nytimes,78,0.5423,0.0,0.791,0.209,President Trump said he is ‚Äúlooking into‚Äù his administration‚Äôs decision to allow 3-D printed plastic guns capable o‚Ä¶ https://t.co/tlypNgVzCR,Tue Jul 31 14:45:05 +0000 2018
@nytimes,79,0.0,0.0,1.0,0.0,President Trump's endorsements have influenced the outcomes of primaries across the country this year. Florida's Re‚Ä¶ https://t.co/2cURK5HiTO,Tue Jul 31 14:30:07 +0000 2018
@nytimes,80,0.0,0.0,1.0,0.0,"RT @jmartNYT: NEW: @adamputnam did everything right: UF, state house at 22, Congress at 26, where he became member of ldrshp, and then two‚Ä¶",Tue Jul 31 14:15:06 +0000 2018
@nytimes,81,0.5859,0.084,0.68,0.236,"Your daily @DealBook Briefing:

‚Ä¢ Trump considers a huge tax cut for the rich¬†

‚Ä¢ Les Moonves stays at CBS (for now‚Ä¶ https://t.co/jllRY1baie",Tue Jul 31 14:00:09 +0000 2018
@nytimes,82,-0.5106,0.202,0.798,0.0,Stephen Colbert stopped just short of saying that Les Moonves should resign as chief executive of CBS Corporation.‚Ä¶ https://t.co/Z6iX1Els9H,Tue Jul 31 13:45:06 +0000 2018
@nytimes,83,0.0,0.0,1.0,0.0,Water sloshes into their homes. The drains back up and overflow. The community tap is often contaminated. Dengue fe‚Ä¶ https://t.co/VzH5VsjKwp,Tue Jul 31 13:30:08 +0000 2018
@nytimes,84,-0.296,0.145,0.855,0.0,"Leslie Cockburn, a Democratic congressional nominee in Virginia, accused her Republican opponent, Denver Riggleman,‚Ä¶ https://t.co/DhsqQ8OUEN",Tue Jul 31 13:15:09 +0000 2018
@nytimes,85,0.0,0.0,1.0,0.0,Morning¬†Briefing: Here's what you need to know to start your day https://t.co/yXzPxyGrWM https://t.co/ujoZ35eDkI,Tue Jul 31 13:00:18 +0000 2018
@nytimes,86,-0.5255,0.193,0.738,0.068,"His mother ran toward him, her heart racing. ""I cried and hugged him ‚Äî but he didn't even care. He stood there froz‚Ä¶ https://t.co/ayzftsqX53",Tue Jul 31 12:50:03 +0000 2018
@nytimes,87,-0.6486,0.209,0.791,0.0,Gun control proponents and state officials are racing the clock to try to block blueprints to make guns from 3-D pr‚Ä¶ https://t.co/vYzZGwHmmd,Tue Jul 31 12:40:06 +0000 2018
@nytimes,88,-0.2732,0.11,0.89,0.0,The charges against Manafort do not involve any allegations that the Trump campaign conspired with Russians. Noneth‚Ä¶ https://t.co/cQ1xCQfCX5,Tue Jul 31 12:31:04 +0000 2018
@nytimes,89,0.4215,0.0,0.872,0.128,Iran said that talks with the United States would be impossible under what it called the Trump administration‚Äôs hos‚Ä¶ https://t.co/AXaWkGExsj,Tue Jul 31 12:15:04 +0000 2018
@nytimes,90,0.0,0.0,1.0,0.0,"Rudy Giuliani, a lawyer for President Trump, said in interviews that even if Trump did collude with the Russians, h‚Ä¶ https://t.co/6UXcXOC33b",Tue Jul 31 11:44:07 +0000 2018
@nytimes,91,0.0959,0.114,0.759,0.128,"""Among everyone caught up in the #MeToo movement, only Mr. Moonves was so bold ‚Äî or so reckless ‚Äî as to start a civ‚Ä¶ https://t.co/bQKcrwxTOx",Tue Jul 31 11:32:04 +0000 2018
@nytimes,92,0.0,0.0,1.0,0.0,Democrats are working on an election strategy for the 2018 midterms and beyond. It's one that deliberately sounds l‚Ä¶ https://t.co/z09yWVHDem,Tue Jul 31 11:14:04 +0000 2018
@nytimes,93,0.1027,0.097,0.787,0.116,The Trump administration is considering bypassing Congress to give a $100 billion tax cut to the wealthy by changin‚Ä¶ https://t.co/D6cSehzLMU,Tue Jul 31 11:00:12 +0000 2018
@nytimes,94,-0.3818,0.175,0.714,0.111,"A car ran down a group of touring cyclists in Tajikistan over the weekend, killing four people from the United Stat‚Ä¶ https://t.co/0exVlIKr0f",Tue Jul 31 10:46:00 +0000 2018
@nytimes,95,0.7506,0.0,0.714,0.286,"Long lines of enthusiastic voters formed at polling stations in Zimbabwe on Monday, following a peaceful campaign w‚Ä¶ https://t.co/vJPQbnAGiO",Tue Jul 31 10:30:04 +0000 2018
@nytimes,96,-0.3384,0.162,0.741,0.097,"""This is really frightening if this is the new normal,"" said an energy industry analyst in Norway https://t.co/suyqXeNVPk",Tue Jul 31 10:16:03 +0000 2018
@nytimes,97,0.0,0.0,1.0,0.0,Morning¬†Briefing: Here's what you need to know to start your day https://t.co/rOgwD44cHU https://t.co/xjkbXaoIbP,Tue Jul 31 10:00:09 +0000 2018
@nytimes,98,0.0,0.0,1.0,0.0,"""Stockpiling of food is not a practical response to a no-deal on Brexit and industry has not been approached by Gov‚Ä¶ https://t.co/Bm5r6AYqMR",Tue Jul 31 09:43:05 +0000 2018
@nytimes,99,-0.7096,0.237,0.763,0.0,Paul Manafort faces 32 charges of bank and tax fraud largely stemming from his work as a political consultant in Uk‚Ä¶ https://t.co/Vr8vlmfuWm,Tue Jul 31 09:31:02 +0000 2018
@nytimes,100,-0.765,0.268,0.732,0.0,An actor‚Äôs suicide has rattled the cast of the hit musical ‚ÄúChicago‚Äù and raised thorny questions about workplace be‚Ä¶ https://t.co/PBmUjlSBix,Tue Jul 31 09:14:05 +0000 2018
@nytimes,101,-0.8225,0.322,0.678,0.0,"Militants detonated a car bomb at a military checkpoint in the southern Philippine island of Basilan, killing at le‚Ä¶ https://t.co/2QZxATvCrY",Tue Jul 31 09:00:03 +0000 2018
